field_idx,csbid
1,191825000014217
2,191825000014223
3,191825000014224
4,191825000014225
5,191825000014227
6,191825000014231
7,191825000014234
8,191825000014235
9,191825000014236
10,191825000014237
11,191825000014238
12,191825000014244
13,191825000014247
14,191825000014248
15,191825000014249
16,191825000014250
17,191825000014251
18,191825000014252
19,191825000014253
20,191825000014265
21,191825000014273
22,191825000014274
23,191825000014275
24,191825000014276
25,191825000014278
26,191825000014279
27,191825000014280
28,191825000014281
29,191825000014282
30,191825000014283
31,191825000014287
32,191825000014292
33,191825000014294
34,191825000014301
35,191825000014304
36,191825000014308
37,191825000014309
38,191825000014311
39,191825000014312
40,191825000014317
41,191825000014318
42,191825000014319
43,191825000014320
44,191825000014321
45,191825000014322
46,191825000014332
47,191825000014346
48,191825000014347
49,191825000014354
50,191825000014355
51,191825000014356
52,191825000014357
53,191825000014358
54,191825000014361
55,191825000014362
56,191825000014363
57,191825000014364
58,191825000014366
59,191825000014373
60,191825000014375
61,191825000014377
62,191825000014378
63,191825000014379
64,191825000014380
65,191825000014381
66,191825000014383
67,191825000014386
68,191825000014387
69,191825000014390
70,191825000014393
71,191825000014394
72,191825000014395
73,191825000014408
74,191825000014409
75,191825000014410
76,191825000014417
77,191825000014418
78,191825000014419
79,191825000014420
80,191825000014421
81,191825000014422
82,191825000014423
83,191825000014428
84,191825000014429
85,191825000014433
86,191825000014434
87,191825000014441
88,191825000014444
89,191825000014447
90,191825000014448
91,191825000014449
92,191825000014456
93,191825000014457
94,191825000014458
95,191825000014465
96,191825000014466
97,191825000014467
98,191825000014468
99,191825000014470
100,191825000014471
101,191825000014472
102,191825000014473
103,191825000014474
104,191825000014475
105,191825000014481
106,191825000014484
107,191825000014495
108,191825000014496
109,191825000014503
110,191825000014504
111,191825000014507
112,191825000014508
113,191825000014509
114,191825000014510
115,191825000014511
116,191825000014512
117,191825000014515
118,191825000014518
119,191825000014519
120,191825000014520
121,191825000014524
122,191825000014529
123,191825000014530
124,191825000014531
125,191825000014532
126,191825000014533
127,191825000014534
128,191825000014537
129,191825000014538
130,191825000014544
131,191825000014545
132,191825000014546
133,191825000014549
134,191825000014554
135,191825000014555
136,191825000014556
137,191825000014557
138,191825000014558
139,191825000014561
140,191825000014562
141,191825000014564
142,191825000014571
143,191825000014572
144,191825000014573
145,191825000014574
146,191825000014575
147,191825000014576
148,191825000014577
149,191825000014582
150,191825000014583
151,191825000014584
152,191825000014586
153,191825000014587
154,191825000014589
155,191825000014600
156,191825000014605
157,191825000014606
158,191825000014607
159,191825000014608
160,191825000014610
161,191825000014612
162,191825000014613
163,191825000014618
164,191825000014619
165,191825000014620
166,191825000014621
167,191825000014628
168,191825000014629
169,191825000014630
170,191825000014634
171,191825000014642
172,191825000014643
173,191825000014651
174,191825000014652
175,191825000014653
176,191825000014654
177,191825000014657
178,191825000014658
179,191825000014659
180,191825000014660
181,191825000014661
182,191825000014662
183,191825000014663
184,191825000014664
185,191825000014668
186,191825000014669
187,191825000014671
188,191825000014675
189,191825000014676
190,191825000014679
191,191825000014680
192,191825000014684
193,191825000014698
194,191825000014699
195,191825000014702
196,191825000014703
197,191825000014704
198,191825000014705
199,191825000014706
200,191825000014707
201,191825000014708
202,191825000014714
203,191825000014719
204,191825000014722
205,191825000014725
206,191825000014731
207,191825000014741
208,191825000014742
209,191825000014743
210,191825000014748
211,191825000014749
212,191825000014752
213,191825000014753
214,191825000014754
215,191825000014755
216,191825000014756
217,191825000014757
218,191825000014760
219,191825000014761
220,191825000014763
221,191825000014765
222,191825000014769
223,191825000014775
224,191825000014779
225,191825000014783
226,191825000014789
227,191825000014792
228,191825000014799
229,191825000014800
230,191825000014803
231,191825000014804
232,191825000014805
233,191825000014806
234,191825000014807
235,191825000014810
236,191825000014813
237,191825000014819
238,191825000014826
239,191825000014828
240,191825000014830
241,191825000014831
242,191825000014832
243,191825000014833
244,191825000014834
245,191825000014845
246,191825000014847
247,191825000014853
248,191825000014854
249,191825000014855
250,191825000014865
251,191825000014869
252,191825000014870
253,191825000014876
254,191825000014877
255,191825000014878
256,191825000014879
257,191825000014883
258,191825000014886
259,191825000014889
260,191825000014890
261,191825000014892
262,191825000014893
263,191825000014899
264,191825000014905
265,191825000014915
266,191825000014916
267,191825000014921
268,191825000014922
269,191825000014923
270,191825000014924
271,191825000014925
272,191825000014926
273,191825000014927
274,191825000014930
275,191825000014931
276,191825000014932
277,191825000014938
278,191825000014939
279,191825000014940
280,191825000014941
281,191825000014942
282,191825000014943
283,191825000014948
284,191825000014949
285,191825000014951
286,191825000014952
287,191825000014953
288,191825000014954
289,191825000014955
290,191825000014968
291,191825000014969
292,191825000014970
293,191825000014971
294,191825000014982
295,191825000014983
296,191825000014984
297,191825000014990
298,191825000014994
299,191825000014995
300,191825000015008
301,191825000015009
302,191825000015010
303,191825000015012
304,191825000015014
305,191825000015015
306,191825000015016
307,191825000015021
308,191825000015029
309,191825000015031
310,191825000015032
311,191825000015037
312,191825000015038
313,191825000015057
314,191825000015059
315,191825000015060
316,191825000015072
317,191825000015082
318,191825000015086
319,191825000015087
320,191825000015102
321,191825000015106
322,191825000015107
323,191825000015108
324,191825000015109
325,191825000015117
326,191825000015118
327,191825000015120
328,191825000015121
329,191825000015122
330,191825000015124
331,191825000015125
332,191825000015128
333,191825000015129
334,191825000015133
335,191825000015138
336,191825000015156
337,191825000015158
338,191825000015162
339,191825000015167
340,191825000015170
341,191825000015174
342,191825000015175
343,191825000015183
344,191825000015189
345,191825000015193
346,191825000015194
347,191825000015208
348,191825000015220
349,191825000015221
350,191825000015234
351,191825000015236
352,191825000015238
353,191825000015245
354,191825000015251
355,191825000015256
356,191825000015257
357,191825000015264
358,191825000015272
359,191825000015276
360,191825000015286
361,191825000015289
362,191825000015322
363,191825000015334
364,191825000015336
365,191825000015352
366,191825000015355
367,191825000015373
368,191825000015374
369,191825000015377
370,191825000015379
371,191825000015380
372,191825000015384
373,191825000015385
374,191825000015387
375,191825000015390
376,191825001175231
377,191825001175232
378,191825001175233
379,191825001175234
380,191825001175237
381,191825001175238
382,191825001175239
383,191825001175241
384,191825001175242
385,191825001175243
386,191825001175245
387,191825001175246
388,191825001175247
389,191825001175248
390,191825001175249
391,191825001175251
392,191825001175252
393,191825001175253
394,191825001175254
395,191825001175255
396,191825001175256
397,191825001175257
398,191825001175258
399,191825001175259
400,191825001175260
401,191825001175261
402,191825001175262
403,191825001175264
404,191825001175265
405,191825001175266
406,191825001175267
407,191825001175268
408,191825001175272
409,191825001175273
410,191825001175274
411,191825001175275
412,191825001175276
413,191825001175277
414,191825001175278
415,191825001175280
416,191825001175281
417,191825001175282
418,191825001175283
419,191825001175284
420,191825001175285
421,191825001175286
422,191825001175287
423,191825001175288
424,191825001175289
425,191825001175290
426,191825001175291
427,191825001175292
428,191825001175293
429,191825001175294
430,191825001175295
431,191825001175296
432,191825001175297
433,191825001175298
434,191825001175299
435,191825001175301
436,191825001175302
437,191825001175303
438,191825001175304
439,191825001175305
440,191825001175306
441,191825001175307
442,191825001175308
443,191825001175309
444,191825001175310
445,191825001175311
446,191825001175313
447,191825001175314
448,191825001175315
449,191825001175316
450,191825001175317
451,191825001175320
452,191825001175321
453,191825001175322
454,191825001175323
455,191825001175324
456,191825001175325
457,191825001175327
458,191825001175328
459,191825001175329
460,191825001175330
461,191825001175332
462,191825001175333
463,191825001175334
464,191825001175335
465,191825001175336
466,191825001175337
467,191825001175338
468,191825001175339
469,191825001175342
470,191825001175344
471,191825001175345
472,191825001175346
473,191825001175347
474,191825001175348
475,191825001175349
476,191825001175350
477,191825001175351
478,191825001175352
479,191825001175353
480,191825001175354
481,191825001175355
482,191825001175356
483,191825001175357
484,191825001175358
485,191825001175359
486,191825001175360
487,191825001175361
488,191825001175362
489,191825001175364
490,191825001175365
491,191825001175366
492,191825001175367
493,191825001175368
494,191825001175369
495,191825001175370
496,191825001175371
497,191825001175372
498,191825001175373
499,191825001175375
500,191825001175376
501,191825001175377
502,191825001175378
503,191825001175381
504,191825001175382
505,191825001175383
506,191825001175385
507,191825001175386
508,191825001175387
509,191825001175388
510,191825001175389
511,191825001175391
512,191825001175392
513,191825001175393
514,191825001175394
515,191825001175395
516,191825001175396
517,191825001175397
518,191825001175398
519,191825001175399
520,191825001175400
521,191825001175401
522,191825001175402
523,191825001175403
524,191825001175404
525,191825001175405
526,191825001175406
527,191825001175407
528,191825001175408
529,191825001175409
530,191825001175410
531,191825001175412
532,191825001175413
533,191825001175414
534,191825001175415
535,191825001175416
536,191825001175417
537,191825001175418
538,191825001175419
539,191825001175420
540,191825001175421
541,191825001175422
542,191825001175423
543,191825001175424
544,191825001175425
545,191825001175426
546,191825001175427
547,191825001175428
548,191825001175429
549,191825001175430
550,191825001175431
551,191825001175432
552,191825001175433
553,191825001175434
554,191825001175435
555,191825001175436
556,191825001175437
557,191825001175438
558,191825001175439
559,191825001175441
560,191825001175442
561,191825001175443
562,191825001175447
563,191825001175448
564,191825001175449
565,191825001175450
566,191825001175452
567,191825001175453
568,191825001175454
569,191825001175455
570,191825001175456
571,191825001175457
572,191825001175459
573,191825001175460
574,191825001175462
575,191825001175463
576,191825001175464
577,191825001175465
578,191825001175466
579,191825001175467
580,191825001175468
581,191825001175470
582,191825001175471
583,191825001175472
584,191825001175473
585,191825001175474
586,191825001175475
587,191825001175477
588,191825001175478
589,191825001175479
590,191825001175480
591,191825001175481
592,191825001175482
593,191825001175483
594,191825001175484
595,191825001175485
596,191825001175486
597,191825001175487
598,191825001175488
599,191825001175489
600,191825001175490
601,191825001175491
602,191825001175492
603,191825001175493
604,191825001175494
605,191825001175495
606,191825001175496
607,191825001175497
608,191825001175498
609,191825001175499
610,191825001175500
611,191825001175502
612,191825001175503
613,191825001175504
614,191825001175505
615,191825001175506
616,191825001175507
617,191825001175509
618,191825001175510
619,191825001175511
620,191825001175512
621,191825001175513
622,191825001175514
623,191825001175515
624,191825001175516
625,191825001175517
626,191825001175520
627,191825001175521
628,191825001175522
629,191825001175523
630,191825001175524
631,191825001175525
632,191825001175526
633,191825001175527
634,191825001175528
635,191825001175529
636,191825001175530
637,191825001175531
638,191825001175532
639,191825001175533
640,191825001175534
641,191825001175535
642,191825001175537
643,191825001175538
644,191825001175540
645,191825001175541
646,191825001175543
647,191825001175544
648,191825001175545
649,191825001175546
650,191825001175550
651,191825001175551
652,191825001175552
653,191825001175553
654,191825001175554
655,191825001175555
656,191825001175559
657,191825001175560
658,191825001175561
659,191825001175562
660,191825001175563
661,191825001175565
662,191825001175566
663,191825001175567
664,191825001175568
665,191825001175571
666,191825001175572
667,191825001175578
668,191825001175579
669,191825001175580
670,191825001175581
671,191825001175582
672,191825001175583
673,191825001175584
674,191825001175585
675,191825001175586
676,191825001175587
677,191825001175588
678,191825001175589
679,191825001175590
680,191825001175591
681,191825001175592
682,191825001175593
683,191825001175594
684,191825001175595
685,191825001175596
686,191825001175597
687,191825001175598
688,191825001175599
689,191825001175600
690,191825001175601
691,191825001175602
692,191825001175604
693,191825001175605
694,191825001175606
695,191825001175607
696,191825001175608
697,191825001175609
698,191825001175610
699,191825001175611
700,191825001175612
701,191825001175613
702,191825001175615
703,191825001175616
704,191825001175617
705,191825001175618
706,191825001175619
707,191825001175620
708,191825001175622
709,191825001175623
710,191825001175624
711,191825001175625
712,191825001175626
713,191825001175627
714,191825001175628
715,191825001175630
716,191825001175631
717,191825001175632
718,191825001175633
719,191825001175634
720,191825001175635
721,191825001175636
722,191825001175637
723,191825001175639
724,191825001175641
725,191825001175642
726,191825001175643
727,191825001175644
728,191825001175645
729,191825001175647
730,191825001175648
731,191825001175649
732,191825001175650
733,191825001175651
734,191825001175652
735,191825001175653
736,191825001175654
737,191825001175655
738,191825001175656
739,191825001175657
740,191825001175658
741,191825001175659
742,191825001175660
743,191825001175661
744,191825001175662
745,191825001175663
746,191825001175665
747,191825001175666
748,191825001175667
749,191825001175668
750,191825001175669
751,191825001175670
752,191825001175671
753,191825001175672
754,191825001175673
755,191825001175674
756,191825001175675
757,191825001175676
758,191825001175677
759,191825001175678
760,191825001175679
761,191825001175680
762,191825001175681
763,191825001175682
764,191825001175683
765,191825001175684
766,191825001175685
767,191825001175687
768,191825001175688
769,191825001175689
770,191825001175690
771,191825001175691
772,191825001175693
773,191825001175694
774,191825001175696
775,191825001175698
776,191825001175699
777,191825001175700
778,191825001175703
779,191825001175706
780,191825001175707
781,191825001175708
782,191825001175713
783,191825001175716
784,191825001175717
785,191825001175718
786,191825001175719
787,191825001175721
788,191825001175722
789,191825001175726
790,191825001175728
791,191825001175729
792,191825001175730
793,191825001175731
794,191825001175732
795,191825001175733
796,191825001175735
797,191825001175736
798,191825001175737
799,191825001175738
800,191825001175739
801,191825001175742
802,191825001175743
803,191825001175744
804,191825001175745
805,191825001175746
806,191825001175747
807,191825001175750
808,191825001175751
809,191825001175752
810,191825001175753
811,191825001175754
812,191825001175755
813,191825001175756
814,191825001175757
815,191825001175758
816,191825001175759
817,191825001175760
818,191825001175761
819,191825001175762
820,191825001175763
821,191825001175764
822,191825001175765
823,191825001175766
824,191825001175767
825,191825001175768
826,191825001175769
827,191825001175771
828,191825001175773
829,191825001175774
830,191825001175775
831,191825001175776
832,191825001175777
833,191825001175778
834,191825001175779
835,191825001175780
836,191825001175781
837,191825001175782
838,191825001175783
839,191825001175786
840,191825001175787
841,191825001175788
842,191825001175789
843,191825001175790
844,191825001175791
845,191825001175792
846,191825001175793
847,191825001175794
848,191825001175795
849,191825001175796
850,191825001175797
851,191825001175798
852,191825001175799
853,191825001175800
854,191825001175801
855,191825001175802
856,191825001175803
857,191825001175804
858,191825001175805
859,191825001175806
860,191825001175807
861,191825001175808
862,191825001175809
863,191825001175810
864,191825001175811
865,191825001175812
866,191825001175813
867,191825001175814
868,191825001175815
869,191825001175816
870,191825001175818
871,191825001175820
872,191825001175821
873,191825001175822
874,191825001175823
875,191825001175824
876,191825001175826
877,191825001175828
878,191825001175829
879,191825001175830
880,191825001175831
881,191825001175834
882,191825001175835
883,191825001175836
884,191825001175838
885,191825001175839
886,191825001175840
887,191825001175842
888,191825001175843
889,191825001175844
890,191825001175845
891,191825001175846
892,191825001175847
893,191825001175848
894,191825001175849
895,191825001175850
896,191825001175851
897,191825001175852
898,191825001175853
899,191825001175854
900,191825001175857
901,191825001175858
902,191825001175859
903,191825001175860
904,191825001175861
905,191825001175862
906,191825001175863
907,191825001175864
908,191825001175866
909,191825001175867
910,191825001175868
911,191825001175870
912,191825001175871
913,191825001175872
914,191825001175873
915,191825001175874
916,191825001175875
917,191825001175876
918,191825001175877
919,191825001175878
920,191825001175879
921,191825001175880
922,191825001175881
923,191825001175882
924,191825001175883
925,191825001175884
926,191825001175885
927,191825001175886
928,191825001175887
929,191825001175888
930,191825001175889
931,191825001175890
932,191825001175891
933,191825001175892
934,191825001175894
935,191825001175895
936,191825001175896
937,191825001175897
938,191825001175900
939,191825001175901
940,191825001175902
941,191825001175903
942,191825001175904
943,191825001175905
944,191825001175907
945,191825001175909
946,191825001175910
947,191825001175911
948,191825001175912
949,191825001175913
950,191825001175916
951,191825001175917
952,191825001175918
953,191825001175919
954,191825001175920
955,191825001175922
956,191825001175923
957,191825001175924
958,191825001175925
959,191825001175927
960,191825001175928
961,191825001175929
962,191825001175930
963,191825001175931
964,191825001175932
965,191825001175933
966,191825001175934
967,191825001175935
968,191825001175936
969,191825001175937
970,191825001175938
971,191825001175942
972,191825001175943
973,191825001175945
974,191825001175946
975,191825001175947
976,191825001175948
977,191825001175949
978,191825001175950
979,191825001175951
980,191825001175952
981,191825001175953
982,191825001175954
983,191825001175955
984,191825001175957
985,191825001175958
986,191825001175959
987,191825001175960
988,191825001175961
989,191825001175962
990,191825001175963
991,191825001175964
992,191825001175965
993,191825001175966
994,191825001175968
995,191825001175969
996,191825001175970
997,191825001175971
998,191825001175972
999,191825001175973
1000,191825001175974
1001,191825001175975
1002,191825001175976
1003,191825001175977
1004,191825001175978
1005,191825001175979
1006,191825001175980
1007,191825001175985
1008,191825001175986
1009,191825001175987
1010,191825001175988
1011,191825001175989
1012,191825001175991
1013,191825001175993
1014,191825001175994
1015,191825001175995
1016,191825001175997
1017,191825001175998
1018,191825001175999
1019,191825001176001
1020,191825001176002
1021,191825001176003
1022,191825001176004
1023,191825001176005
1024,191825001176006
1025,191825001176007
1026,191825001176008
1027,191825001176009
1028,191825001176010
1029,191825001176011
1030,191825001176012
1031,191825001176013
1032,191825001176014
1033,191825001176015
1034,191825001176016
1035,191825001176017
1036,191825001176018
1037,191825001176019
1038,191825001176020
1039,191825001176021
1040,191825001176022
1041,191825001176023
1042,191825001176024
1043,191825001176025
1044,191825001176026
1045,191825001176027
1046,191825001176028
1047,191825001176029
1048,191825001176030
1049,191825001176032
1050,191825001176033
1051,191825001176034
1052,191825001176037
1053,191825001176038
1054,191825001176039
1055,191825001176041
1056,191825001176042
1057,191825001176043
1058,191825001176044
1059,191825001176045
1060,191825001176046
1061,191825001176047
1062,191825001176048
1063,191825001176049
1064,191825001176050
1065,191825001176051
1066,191825001176052
1067,191825001176053
1068,191825001176054
1069,191825001176055
1070,191825001176056
1071,191825001176057
1072,191825001176059
1073,191825001176060
1074,191825001176061
1075,191825001176062
1076,191825001176063
1077,191825001176064
1078,191825001176066
1079,191825001176067
1080,191825001176068
1081,191825001176070
1082,191825001176071
1083,191825001176072
1084,191825001176074
1085,191825001176075
1086,191825001176076
1087,191825001176079
1088,191825001176080
1089,191825001176081
1090,191825001176082
1091,191825001176083
1092,191825001176085
1093,191825001176086
1094,191825001176087
1095,191825001176088
1096,191825001176090
1097,191825001176091
1098,191825001176092
1099,191825001176094
1100,191825001176095
1101,191825001176096
1102,191825001176097
1103,191825001176098
1104,191825001176099
1105,191825001176100
1106,191825001176101
1107,191825001176102
1108,191825001176103
1109,191825001176104
1110,191825001176105
1111,191825001176106
1112,191825001176107
1113,191825001176108
1114,191825001176110
1115,191825001176111
1116,191825001176112
1117,191825001176113
1118,191825001176114
1119,191825001176115
1120,191825001176117
1121,191825001176118
1122,191825001176119
1123,191825001176120
1124,191825001176121
1125,191825001176122
1126,191825001176123
1127,191825001176125
1128,191825001176126
1129,191825001176127
1130,191825001176128
1131,191825001176129
1132,191825001176130
1133,191825001176131
1134,191825001176136
1135,191825001176137
1136,191825001176138
1137,191825001176141
1138,191825001176142
1139,191825001176145
1140,191825001176146
1141,191825001176147
1142,191825001176149
1143,191825001176150
1144,191825001176151
1145,191825001176152
1146,191825001176153
1147,191825001176161
1148,191825001176162
1149,191825001176163
1150,191825001176166
1151,191825001176167
1152,191825001176168
1153,191825001176169
1154,191825001176170
1155,191825001176172
1156,191825001176173
1157,191825001176175
1158,191825001176176
1159,191825001176177
1160,191825001176178
1161,191825001176179
1162,191825001176180
1163,191825001176181
1164,191825001176182
1165,191825001176183
1166,191825001176185
1167,191825001176186
1168,191825001176187
1169,191825001176188
1170,191825001176189
1171,191825001176190
1172,191825001176193
1173,191825001176194
1174,191825001176195
1175,191825001176196
1176,191825001176197
1177,191825001176198
1178,191825001176201
1179,191825001176202
1180,191825001176203
1181,191825001176207
1182,191825001176208
1183,191825001176210
1184,191825001176214
1185,191825001176215
1186,191825001176216
1187,191825001176219
1188,191825001176220
1189,191825001176221
1190,191825001176223
1191,191825001176224
1192,191825001176225
1193,191825001176226
1194,191825001176227
1195,191825001176229
1196,191825001176230
1197,191825001176231
1198,191825001176232
1199,191825001176233
1200,191825001176234
1201,191825001176235
1202,191825001176236
1203,191825001176237
1204,191825001176238
1205,191825001176239
1206,191825001176240
1207,191825001176242
1208,191825001176243
1209,191825001176244
1210,191825001176245
1211,191825001176247
1212,191825001176249
1213,191825001176250
1214,191825001176251
1215,191825001176252
1216,191825001176253
1217,191825001176254
1218,191825001176255
1219,191825001176256
1220,191825001176257
1221,191825001176258
1222,191825001176259
1223,191825001176260
1224,191825001176261
1225,191825001176262
1226,191825001176263
1227,191825001176264
1228,191825001176265
1229,191825001176266
1230,191825001176267
1231,191825001176268
1232,191825001176269
1233,191825001176270
1234,191825001176273
1235,191825001176274
1236,191825001176275
1237,191825001176279
1238,191825001176280
1239,191825001176281
1240,191825001176282
1241,191825001176283
1242,191825001176284
1243,191825001176285
1244,191825001176286
1245,191825001176287
1246,191825001176288
1247,191825001176289
1248,191825001176290
1249,191825001176291
1250,191825001176292
1251,191825001176294
1252,191825001176295
1253,191825001176296
1254,191825001176297
1255,191825001176298
1256,191825001176299
1257,191825001176300
1258,191825001176301
1259,191825001176302
1260,191825001176305
1261,191825001176306
1262,191825001176307
1263,191825001176308
1264,191825001176309
1265,191825001176310
1266,191825001176311
1267,191825001176312
1268,191825001176313
1269,191825001176315
1270,191825001176316
1271,191825001176318
1272,191825001176319
1273,191825001176320
1274,191825001176321
1275,191825001176322
1276,191825001176323
1277,191825001176324
1278,191825001176325
1279,191825001176326
1280,191825001176328
1281,191825001176329
1282,191825001176330
1283,191825001176331
1284,191825001176333
1285,191825001176335
1286,191825001176336
1287,191825001176340
1288,191825001176341
1289,191825001176342
1290,191825001176345
1291,191825001176346
1292,191825001176347
1293,191825001176348
1294,191825001176349
1295,191825001176350
1296,191825001176351
1297,191825001176352
1298,191825001176353
1299,191825001176354
1300,191825001176355
1301,191825001176356
1302,191825001176357
1303,191825001176361
1304,191825001176362
1305,191825001176363
1306,191825001176364
1307,191825001176365
1308,191825001176366
1309,191825001176367
1310,191825001176368
1311,191825001176369
1312,191825001176370
1313,191825001176371
1314,191825001176374
1315,191825001176375
1316,191825001176376
1317,191825001176377
1318,191825001176378
1319,191825001176379
1320,191825001176380
1321,191825001176381
1322,191825001176383
1323,191825001176385
1324,191825001176386
1325,191825001176388
1326,191825001176390
1327,191825001176393
1328,191825001176394
1329,191825001176395
1330,191825001176396
1331,191825001176398
1332,191825001176399
1333,191825001176400
1334,191825001176401
1335,191825001176402
1336,191825001176404
1337,191825001176405
1338,191825001176407
1339,191825001176409
1340,191825001176410
1341,191825001176411
1342,191825001176417
1343,191825001176418
1344,191825001176420
1345,191825001176421
1346,191825001176422
1347,191825001176423
1348,191825001176424
1349,191825001176425
1350,191825001176426
1351,191825001176427
1352,191825001176428
1353,191825001176429
1354,191825001176434
1355,191825001176435
1356,191825001176436
1357,191825001176437
1358,191825001176438
1359,191825001176439
1360,191825001176440
1361,191825001176441
1362,191825001176442
1363,191825001176444
1364,191825001176445
1365,191825001176446
1366,191825001176447
1367,191825001176448
1368,191825001176449
1369,191825001176450
1370,191825001176453
1371,191825001176454
1372,191825001176456
1373,191825001176457
1374,191825001176458
1375,191825001176459
1376,191825001176460
1377,191825001176461
1378,191825001176462
1379,191825001176463
1380,191825001176464
1381,191825001176466
1382,191825001176467
1383,191825001176468
1384,191825001176470
1385,191825001176472
1386,191825001176473
1387,191825001176474
1388,191825001176475
1389,191825001176478
1390,191825001176481
1391,191825001176482
1392,191825001176483
1393,191825001176484
1394,191825001176486
1395,191825001176487
1396,191825001176488
1397,191825001176489
1398,191825001176491
1399,191825001176492
1400,191825001176493
1401,191825001176494
1402,191825001176495
1403,191825001176496
1404,191825001176497
1405,191825001176498
1406,191825001176499
1407,191825001176502
1408,191825001176503
1409,191825001176505
1410,191825001176506
1411,191825001176508
1412,191825001176509
1413,191825001176510
1414,191825001176511
1415,191825001176512
1416,191825001176513
1417,191825001176514
1418,191825001176516
1419,191825001176517
1420,191825001176518
1421,191825001176519
1422,191825001176520
1423,191825001176521
1424,191825001176522
1425,191825001176523
1426,191825001176524
1427,191825001176525
1428,191825001176526
1429,191825001176527
1430,191825001176528
1431,191825001176529
1432,191825001176530
1433,191825001176532
1434,191825001176533
1435,191825001176534
1436,191825001176535
1437,191825001176538
1438,191825001176539
1439,191825001176540
1440,191825001176541
1441,191825001176542
1442,191825001176543
1443,191825001176546
1444,191825001176548
1445,191825001176549
1446,191825001176550
1447,191825001176552
1448,191825001176553
1449,191825001176555
1450,191825001176556
1451,191825001176560
1452,191825001176561
1453,191825001176564
1454,191825001176565
1455,191825001176569
1456,191825001176571
1457,191825001176572
1458,191825001176573
1459,191825001176574
1460,191825001176575
1461,191825001176576
1462,191825001176577
1463,191825001176578
1464,191825001176580
1465,191825001176581
1466,191825001176582
1467,191825001176583
1468,191825001176584
1469,191825001176586
1470,191825001176587
1471,191825001176588
1472,191825001176589
1473,191825001176590
1474,191825001176591
1475,191825001176592
1476,191825001176593
1477,191825001176594
1478,191825001176595
1479,191825001176596
1480,191825001176597
1481,191825001176598
1482,191825001176599
1483,191825001176600
1484,191825001176601
1485,191825001176603
1486,191825001176604
1487,191825001176605
1488,191825001176606
1489,191825001176607
1490,191825001176608
1491,191825001176609
1492,191825001176610
1493,191825001176611
1494,191825001176612
1495,191825001176619
1496,191825001176620
1497,191825001176621
1498,191825001176624
1499,191825001176625
1500,191825001176626
1501,191825001176627
1502,191825001176628
1503,191825001176629
1504,191825001176630
1505,191825001176631
1506,191825001176633
1507,191825001176634
1508,191825001176635
1509,191825001176639
1510,191825001176642
1511,191825001176643
1512,191825001176645
1513,191825001176646
1514,191825001176647
1515,191825001176649
1516,191825001176650
1517,191825001176651
1518,191825001176653
1519,191825001176654
1520,191825001176658
1521,191825001176659
1522,191825001176660
1523,191825001176661
1524,191825001176662
1525,191825001176664
1526,191825001176665
1527,191825001176666
1528,191825001176667
1529,191825001176668
1530,191825001176669
1531,191825001176671
1532,191825001176672
1533,191825001176673
1534,191825001176674
1535,191825001176675
1536,191825001176676
1537,191825001176677
1538,191825001176678
1539,191825001176679
1540,191825001176680
1541,191825001176681
1542,191825001176682
1543,191825001176683
1544,191825001176684
1545,191825001176685
1546,191825001176686
1547,191825001176687
1548,191825001176688
1549,191825001176689
1550,191825001176690
1551,191825001176691
1552,191825001176692
1553,191825001176693
1554,191825001176694
1555,191825001176695
1556,191825001176696
1557,191825001176697
1558,191825001176704
1559,191825001176705
1560,191825001176706
1561,191825001176707
1562,191825001176708
1563,191825001176713
1564,191825001176714
1565,191825001176715
1566,191825001176716
1567,191825001176717
1568,191825001176719
1569,191825001176720
1570,191825001176723
1571,191825001176724
1572,191825001176725
1573,191825001176728
1574,191825001176731
1575,191825001176732
1576,191825001176733
1577,191825001176734
1578,191825001176735
1579,191825001176736
1580,191825001176737
1581,191825001176738
1582,191825001176739
1583,191825001176741
1584,191825001176742
1585,191825001176744
1586,191825001176745
1587,191825001176749
1588,191825001176750
1589,191825001176752
1590,191825001176753
1591,191825001176758
1592,191825001176759
1593,191825001176760
1594,191825001176761
1595,191825001176763
1596,191825001176764
1597,191825001176765
1598,191825001176766
1599,191825001176767
1600,191825001176768
1601,191825001176769
1602,191825001176770
1603,191825001176771
1604,191825001176773
1605,191825001176774
1606,191825001176775
1607,191825001176776
1608,191825001176777
1609,191825001176778
1610,191825001176779
1611,191825001176780
1612,191825001176781
1613,191825001176782
1614,191825001176783
1615,191825001176785
1616,191825001176786
1617,191825001176787
1618,191825001176788
1619,191825001176789
1620,191825001176790
1621,191825001176797
1622,191825001176798
1623,191825001176803
1624,191825001176806
1625,191825001176807
1626,191825001176808
1627,191825001176809
1628,191825001176810
1629,191825001176811
1630,191825001176812
1631,191825001176813
1632,191825001176814
1633,191825001176819
1634,191825001176823
1635,191825001176824
1636,191825001176825
1637,191825001176826
1638,191825001176829
1639,191825001176830
1640,191825001176831
1641,191825001176833
1642,191825001176835
1643,191825001176836
1644,191825001176837
1645,191825001176838
1646,191825001176839
1647,191825001176841
1648,191825001176842
1649,191825001176843
1650,191825001176844
1651,191825001176845
1652,191825001176846
1653,191825001176847
1654,191825001176848
1655,191825001176851
1656,191825001176852
1657,191825001176853
1658,191825001176854
1659,191825001176855
1660,191825001176857
1661,191825001176858
1662,191825001176859
1663,191825001176863
1664,191825001176869
1665,191825001176870
1666,191825001176872
1667,191825001176873
1668,191825001176874
1669,191825001176875
1670,191825001176876
1671,191825001176877
1672,191825001176878
1673,191825001176879
1674,191825001176881
1675,191825001176884
1676,191825001176886
1677,191825001176887
1678,191825001176888
1679,191825001176889
1680,191825001176890
1681,191825001176891
1682,191825001176892
1683,191825001176893
1684,191825001176894
1685,191825001176895
1686,191825001176896
1687,191825001176897
1688,191825001176898
1689,191825001176899
1690,191825001176900
1691,191825001176901
1692,191825001176902
1693,191825001176903
1694,191825001176904
1695,191825001176905
1696,191825001176906
1697,191825001176909
1698,191825001176910
1699,191825001176911
1700,191825001176912
1701,191825001176913
1702,191825001176914
1703,191825001176915
1704,191825001176916
1705,191825001176919
1706,191825001176920
1707,191825001176928
1708,191825001176930
1709,191825001176933
1710,191825001176934
1711,191825001176935
1712,191825001176936
1713,191825001176937
1714,191825001176938
1715,191825001176939
1716,191825001176943
1717,191825001176944
1718,191825001176946
1719,191825001176947
1720,191825001176948
1721,191825001176949
1722,191825001176950
1723,191825001176951
1724,191825001176952
1725,191825001176953
1726,191825001176954
1727,191825001176955
1728,191825001176956
1729,191825001176957
1730,191825001176958
1731,191825001176959
1732,191825001176960
1733,191825001176961
1734,191825001176962
1735,191825001176966
1736,191825001176967
1737,191825001176973
1738,191825001176977
1739,191825001176979
1740,191825001176980
1741,191825001176981
1742,191825001176983
1743,191825001176984
1744,191825001176985
1745,191825001176986
1746,191825001176987
1747,191825001176988
1748,191825001176990
1749,191825001176991
1750,191825001176992
1751,191825001176993
1752,191825001176994
1753,191825001176996
1754,191825001176998
1755,191825001176999
1756,191825001177000
1757,191825001177001
1758,191825001177002
1759,191825001177003
1760,191825001177004
1761,191825001177005
1762,191825001177006
1763,191825001177007
1764,191825001177008
1765,191825001177009
1766,191825001177011
1767,191825001177018
1768,191825001177019
1769,191825001177020
1770,191825001177022
1771,191825001177023
1772,191825001177024
1773,191825001177026
1774,191825001177027
1775,191825001177030
1776,191825001177031
1777,191825001177032
1778,191825001177034
1779,191825001177035
1780,191825001177036
1781,191825001177037
1782,191825001177040
1783,191825001177041
1784,191825001177042
1785,191825001177043
1786,191825001177046
1787,191825001177047
1788,191825001177051
1789,191825001177054
1790,191825001177055
1791,191825001177056
1792,191825001177057
1793,191825001177058
1794,191825001177059
1795,191825001177060
1796,191825001177061
1797,191825001177062
1798,191825001177063
1799,191825001177064
1800,191825001177065
1801,191825001177066
1802,191825001177067
1803,191825001177068
1804,191825001177069
1805,191825001177070
1806,191825001177071
1807,191825001177072
1808,191825001177073
1809,191825001177074
1810,191825001177075
1811,191825001177076
1812,191825001177077
1813,191825001177078
1814,191825001177079
1815,191825001177080
1816,191825001177081
1817,191825001177082
1818,191825001177083
1819,191825001177084
1820,191825001177086
1821,191825001177088
1822,191825001177096
1823,191825001177097
1824,191825001177098
1825,191825001177101
1826,191825001177103
1827,191825001177104
1828,191825001177105
1829,191825001177106
1830,191825001177107
1831,191825001177108
1832,191825001177109
1833,191825001177110
1834,191825001177111
1835,191825001177112
1836,191825001177113
1837,191825001177115
1838,191825001177118
1839,191825001177119
1840,191825001177121
1841,191825001177122
1842,191825001177123
1843,191825001177125
1844,191825001177128
1845,191825001177129
1846,191825001177130
1847,191825001177132
1848,191825001177133
1849,191825001177134
1850,191825001177135
1851,191825001177136
1852,191825001177137
1853,191825001177139
1854,191825001177141
1855,191825001177142
1856,191825001177143
1857,191825001177144
1858,191825001177145
1859,191825001177147
1860,191825001177148
1861,191825001177149
1862,191825001177150
1863,191825001177155
1864,191825001177157
1865,191825001177159
1866,191825001177161
1867,191825001177162
1868,191825001177163
1869,191825001177164
1870,191825001177166
1871,191825001177167
1872,191825001177168
1873,191825001177169
1874,191825001177170
1875,191825001177171
1876,191825001177172
1877,191825001177175
1878,191825001177176
1879,191825001177177
1880,191825001177178
1881,191825001177180
1882,191825001177181
1883,191825001177183
1884,191825001177184
1885,191825001177185
1886,191825001177186
1887,191825001177190
1888,191825001177191
1889,191825001177193
1890,191825001177194
1891,191825001177195
1892,191825001177197
1893,191825001177198
1894,191825001177199
1895,191825001177200
1896,191825001177201
1897,191825001177206
1898,191825001177207
1899,191825001177210
1900,191825001177212
1901,191825001177215
1902,191825001177216
1903,191825001177218
1904,191825001177219
1905,191825001177220
1906,191825001177222
1907,191825001177227
1908,191825001177229
1909,191825001177230
1910,191825001177231
1911,191825001177232
1912,191825001177235
1913,191825001177243
1914,191825001177246
1915,191825001177247
1916,191825001177248
1917,191825001177249
1918,191825001177253
1919,191825001177254
1920,191825001177257
1921,191825001177261
1922,191825001177262
1923,191825001177263
1924,191825001177266
1925,191825001177267
1926,191825001177268
1927,191825001177269
1928,191825001177270
1929,191825001177271
1930,191825001177272
1931,191825001177273
1932,191825001177274
1933,191825001177275
1934,191825001177276
1935,191825001177277
1936,191825001177278
1937,191825001177280
1938,191825001177282
1939,191825001177283
1940,191825001177285
1941,191825001177287
1942,191825001177293
1943,191825001177296
1944,191825001177297
1945,191825001177302
1946,191825001177304
1947,191825001177306
1948,191825001177307
1949,191825001177311
1950,191825001177312
1951,191825001177313
1952,191825001177314
1953,191825001177315
1954,191825001177316
1955,191825001177317
1956,191825001177319
1957,191825001177320
1958,191825001177321
1959,191825001177326
1960,191825001177330
1961,191825001177331
1962,191825001177332
1963,191825001177333
1964,191825001177338
1965,191825001177339
1966,191825001177340
1967,191825001177341
1968,191825001177342
1969,191825001177343
1970,191825001177344
1971,191825001177345
1972,191825001177346
1973,191825001177349
1974,191825001177351
1975,191825001177352
1976,191825001177354
1977,191825001177355
1978,191825001177356
1979,191825001177357
1980,191825001177361
1981,191825001177362
1982,191825001177363
1983,191825001177364
1984,191825001177365
1985,191825001177366
1986,191825001177367
1987,191825001177370
1988,191825001177376
1989,191825001177378
1990,191825001177379
1991,191825001177380
1992,191825002943879
1993,191825002943880
1994,191825002943897
1995,191825002943898
1996,191825002943906
1997,191825002943908
1998,191825002943909
1999,191825002943919
2000,191825002943921
2001,191825002943922
2002,191825002943927
2003,191825002943928
2004,191825002943930
2005,191825002943931
2006,191825002943932
2007,191825002943934
2008,191825002943935
2009,191825002943936
2010,191825002943941
2011,191825002943944
2012,191825002943955
2013,191825002943963
2014,191825002943965
2015,191825002943967
2016,191825002943968
2017,191825002943981
2018,191825002943997
2019,191825002943999
2020,191825002944006
2021,191825002944011
2022,191825002944013
2023,191825002944021
2024,191825002944032
2025,191825002944034
2026,191825002944039
2027,191825002944045
2028,191825002944051
2029,191825002944084
2030,191825002944085
2031,191825002944089
2032,191825002944090
2033,191825002944091
2034,191825002944095
2035,191825002944097
2036,191825002944099
2037,191825002944105
2038,191825002944106
2039,191825002944111
2040,191825002944115
2041,191825002944116
2042,191825002944119
2043,191825002944127
2044,191825002944128
2045,191825002944130
2046,191825002944131
2047,191825002944141
2048,191825002944147
2049,191825002944148
2050,191825002944149
2051,191825002944150
2052,191825002944152
2053,191825002944161
2054,191825002944163
2055,191825002944167
2056,191825002944181
2057,191825002944182
2058,191825002944207
2059,191825002944210
2060,191825002944214
2061,191825002944221
2062,191825002944228
2063,191825002944231
2064,191825002944232
2065,191825002944238
2066,191825002944245
2067,191825002944246
2068,191825002944254
2069,191825002944268
2070,191825002944269
2071,191825002944275
2072,191825002944276
2073,191825002944277
2074,191825002944278
2075,191825002944279
2076,191825002944285
2077,191825002944286
2078,191825002944287
2079,191825002944289
2080,191825002944290
2081,191825002944293
2082,191825002944294
2083,191825002944295
2084,191825002944296
2085,191825002944301
2086,191825002944302
2087,191825002944303
2088,191825002944305
2089,191825002944308
2090,191825002944311
2091,191825002944312
2092,191825002944313
2093,191825002944315
2094,191825002944318
2095,191825002944349
2096,191825002944350
2097,191825002944352
2098,191825002944356
2099,191825002944357
2100,191825002944358
2101,191825002944359
2102,191825002944360
2103,191825002944361
2104,191825002944367
2105,191825002944368
2106,191825002944369
2107,191825002944370
2108,191825002944378
2109,191825002944379
2110,191825002944380
2111,191825002944381
2112,191825002944382
2113,191825002944387
2114,191825002944389
2115,191825002944394
2116,191825002944395
2117,191825002944401
2118,191825002944406
2119,191825002944417
2120,191825002944418
2121,191825002944419
2122,191825002944423
2123,191825002944424
2124,191825002944426
2125,191825002944429
2126,191825002944436
2127,191825002944437
2128,191825002944441
2129,191825002944449
2130,191825002944450
2131,191825002944451
2132,191825002944453
2133,191825002944457
2134,191825002944458
2135,191825002944471
2136,191825002944472
2137,191825002944473
2138,191825002944474
2139,191825002944482
2140,191825002944483
2141,191825002944484
2142,191825002944485
2143,191825002944493
2144,191825002944494
2145,191825002944495
2146,191825002944497
2147,191825002944498
2148,191825002944507
2149,191825002944516
2150,191825002944518
2151,191825002944526
2152,191825002944527
2153,191825002944528
2154,191825002944535
2155,191825002944536
2156,191825002944538
2157,191825002944539
2158,191825002944543
2159,191825002944544
2160,191825002944545
2161,191825002944546
2162,191825002944550
2163,191825002944552
2164,191825002944558
2165,191825002944562
2166,191825002944563
2167,191825002944565
2168,191825002944593
2169,191825002944608
2170,191825002944609
2171,191825002944610
2172,191825002944611
2173,191825002944612
2174,191825002944617
2175,191825002944618
2176,191825002944619
2177,191825002944620
2178,191825002944625
2179,191825002944626
2180,191825002944627
2181,191825002944638
2182,191825002944639
2183,191825002944644
2184,191825002944645
2185,191825002944648
2186,191825002944657
2187,191825002944662
2188,191825002944663
2189,191825002944671
2190,191825002944672
2191,191825002944673
2192,191825002944674
2193,191825002944678
2194,191825002944680
2195,191825002944688
2196,191825002944710
2197,191825002944711
2198,191825002944712
2199,191825002944713
2200,191825002944714
2201,191825002944715
2202,191825002944721
2203,191825002944722
2204,191825002944723
2205,191825002944724
2206,191825002944730
2207,191825002944731
2208,191825002944732
2209,191825002944733
2210,191825002944734
2211,191825002944735
2212,191825002944738
2213,191825002944740
2214,191825002944742
2215,191825002944749
2216,191825002944750
2217,191825002944752
2218,191825002944757
2219,191825002944762
2220,191825002944770
2221,191825002944771
2222,191825002944772
2223,191825002944777
2224,191825002944783
2225,191825002944793
2226,191825002944795
2227,191825002944796
2228,191825002944801
2229,191825002944806
2230,191825002944812
2231,191825002944815
2232,191825002944819
2233,191825002944820
2234,191825002944821
2235,191825002944827
2236,191825002944845
2237,191825002944846
2238,191825002944847
2239,191825002944848
2240,191825002944849
2241,191825002944859
2242,191825002944860
2243,191825002944861
2244,191825002944869
2245,191825002944870
2246,191825002944875
2247,191825002944877
2248,191825002944879
2249,191825002944882
2250,191825002944883
2251,191825002944898
2252,191825002944913
2253,191825002944918
2254,191825002944922
2255,191825002944923
2256,191825002944924
2257,191825002944925
2258,191825002944931
2259,191825002944937
2260,191825002944938
2261,191825002944940
2262,191825002944941
2263,191825002944947
2264,191825002944948
2265,191825002944949
2266,191825002944950
2267,191825002944958
2268,191825002944981
2269,191825002944987
2270,191825002944988
2271,191825002944989
2272,191825002945007
2273,191825002945019
2274,191825002945026
2275,191825002945029
2276,191825002945030
2277,191825002945046
2278,191825002945047
2279,191825002945056
2280,191825002945057
2281,191825002945058
2282,191825002945065
2283,191825002945066
2284,191825002945072
2285,191825002945080
2286,191825002945088
2287,191825002945090
2288,191825002945091
2289,191825002945092
2290,191825002945093
2291,191825002945095
2292,191825002945098
2293,191825002945099
2294,191825002945112
2295,191825002945113
2296,191825002945117
2297,191825002945118
2298,191825002945119
2299,191825002945120
2300,191825002945121
2301,191825002945133
2302,191825002945134
2303,191825002945135
2304,191825002945138
2305,191825002945139
2306,191825002945141
2307,191825002945151
2308,191825002945152
2309,191825002945153
2310,191825002945156
2311,191825002945158
2312,191825002945168
2313,191825002945180
2314,191825002945181
2315,191825002945182
2316,191825002945183
2317,191825002945184
2318,191825002945202
2319,191825002945203
2320,191825002945204
2321,191825002945205
2322,191825002945206
2323,191825002945207
2324,191825002945208
2325,191825002945220
2326,191825002945221
2327,191825002945227
2328,191825002945233
2329,191825002945236
2330,191825002945237
2331,191825002945241
2332,191825002945242
2333,191825002945243
2334,191825002945252
2335,191825002945254
2336,191825002945255
2337,191825002945256
2338,191825002945262
2339,191825002945263
2340,191825002945264
2341,191825002945265
2342,191825002945272
2343,191825002945277
2344,191825002945281
2345,191825002945282
2346,191825002945283
2347,191825002945285
2348,191825002945286
2349,191825002945287
2350,191825002945288
2351,191825002945289
2352,191825002945291
2353,191825002945295
2354,191825002945298
2355,191825002945307
2356,191825002945311
2357,191825002945312
2358,191825002945313
2359,191825002945314
2360,191825002945322
2361,191825002945323
2362,191825002945335
2363,191825002945342
2364,191825002945343
2365,191825002945346
2366,191825002945347
2367,191825002945348
2368,191825002945353
2369,191825002945362
2370,191825002945367
2371,191825002945370
2372,191825002945372
2373,191825002945375
2374,191825002945382
2375,191825002945383
2376,191825002945384
2377,191825002945386
2378,191825002945397
2379,191825002945407
2380,191825002945412
2381,191825002945413
2382,191825002945414
2383,191825002945428
2384,191825002945429
2385,191825002945431
2386,191825002945432
2387,191825002945433
2388,191825002945448
2389,191825002945462
2390,191825002945463
2391,191825002945480
2392,191825002945481
2393,191825002945482
2394,191825002945484
2395,191825002945488
2396,191825002945489
2397,191825002945493
2398,191825002945494
2399,191825002945495
2400,191825002945502
2401,191825002945505
2402,191825002945528
2403,191825002945529
2404,191825002945530
2405,191825002945531
2406,191825002945540
2407,191825002945541
2408,191825002945542
2409,191825002945557
2410,191825002945560
2411,191825002945561
2412,191825002945564
2413,191825002945565
2414,191825002945568
2415,191825002945569
2416,191825002945573
2417,191825002945577
2418,191825002945578
2419,191825002945579
2420,191825002945585
2421,191825002945590
2422,191825002945600
2423,191825002945602
2424,191825002945605
2425,191825002945615
2426,191825002945616
2427,191825002945618
2428,191825002945620
2429,191825002945636
2430,191825002945637
2431,191825002945638
2432,191825002945639
2433,191825002945640
2434,191825002945641
2435,191825002945642
2436,191825002945653
2437,191825002945654
2438,191825002945655
2439,191825002945675
2440,191825002945685
2441,191825002945694
2442,191825002945697
2443,191825002945698
2444,191825002945706
2445,191825002945707
2446,191825002945708
2447,191825002945709
2448,191825002945710
2449,191825002945712
2450,191825002945713
2451,191825002945716
2452,191825002945719
2453,191825002945721
2454,191825002945729
2455,191825002945730
2456,191825002945731
2457,191825002945734
2458,191825002945736
2459,191825002945737
2460,191825002945738
2461,191825002945740
2462,191825002945754
2463,191825002945763
2464,191825002945764
2465,191825002945777
2466,191825002945778
2467,191825002945779
2468,191825002945780
2469,191825002945781
2470,191825002945783
2471,191825002945784
2472,191825002945789
2473,191825002945790
2474,191825002945794
2475,191825002945795
2476,191825002945796
2477,191825002945803
2478,191825002945804
2479,191825002945809
2480,191825002945810
2481,191825002945815
2482,191825002945816
2483,191825002945817
2484,191825002945818
2485,191825002945819
2486,191825002945825
2487,191825002945826
2488,191825002945829
2489,191825002945830
2490,191825002945831
2491,191825002945832
2492,191825002945842
2493,191825002945843
2494,191825002945853
2495,191825002945854
2496,191825002945855
2497,191825002945856
2498,191825002945857
2499,191825002945858
2500,191825002945859
2501,191825002945860
2502,191825002945863
2503,191825002945870
2504,191825002945871
2505,191825002945873
2506,191825002945877
2507,191825002945881
2508,191825002945882
2509,191825002945887
2510,191825002945891
2511,191825002945892
2512,191825002945896
2513,191825002945897
2514,191825002945898
2515,191825002945899
2516,191825002945900
2517,191825002945908
2518,191825002945913
2519,191825002945914
2520,191825002945931
2521,191825002945932
2522,191825002945941
2523,191825002945942
2524,191825002945943
2525,191825002945944
2526,191825002945945
2527,191825002945946
2528,191825002945948
2529,191825002945954
2530,191825002945955
2531,191825002945956
2532,191825002945957
2533,191825002945980
2534,191825002945981
2535,191825002945982
2536,191825002945983
2537,191825002945984
2538,191825002945989
2539,191825002945990
2540,191825002945995
2541,191825002946001
2542,191825002946003
2543,191825002946004
2544,191825002946005
2545,191825002946022
2546,191825002946024
2547,191825002946034
2548,191825002946053
2549,191825002946069
2550,191825002946070
2551,191825002946071
2552,191825002946072
2553,191825002946073
2554,191825002946074
2555,191825002946082
2556,191825002946083
2557,191825002946084
2558,191825002946087
2559,191825002946101
2560,191825002946103
2561,191825002946104
2562,191825002946111
2563,191825002946117
2564,191825002946124
2565,191825002946130
2566,191825002946162
2567,191825002946163
2568,191825002946164
2569,191825002946165
2570,191825002946166
2571,191825002946167
2572,191825002946174
2573,191825002946175
2574,191825002946176
2575,191825002946177
2576,191825002946178
2577,191825002946179
2578,191825002946180
2579,191825002946181
2580,191825003867326
2581,191825003867328
2582,191825003867329
2583,191825003867331
2584,191825003867332
2585,191825003867335
2586,191825003867336
2587,191825003867337
2588,191825003867338
2589,191825003867339
2590,191825003867342
2591,191825003867344
2592,191825003867345
2593,191825003867346
2594,191825003867347
2595,191825003867348
2596,191825003867349
2597,191825003867350
2598,191825003867353
2599,191825003867354
2600,191825003867355
2601,191825003867356
2602,191825003867358
2603,191825003867359
2604,191825003867360
2605,191825003867361
2606,191825003867362
2607,191825003867363
2608,191825003867368
2609,191825003867369
2610,191825003867370
2611,191825003867371
2612,191825003867373
2613,191825003867374
2614,191825003867375
2615,191825003867376
2616,191825003867377
2617,191825003867378
2618,191825003867379
2619,191825003867380
2620,191825003867382
2621,191825003867383
2622,191825003867387
2623,191825003867388
2624,191825003867390
2625,191825003867391
2626,191825003867392
2627,191825003867393
2628,191825003867394
2629,191825003867395
2630,191825003867398
2631,191825003867399
2632,191825003867400
2633,191825003867402
2634,191825003867403
2635,191825003867404
2636,191825003867405
2637,191825003867406
2638,191825003867407
2639,191825003867408
2640,191825003867409
2641,191825003867410
2642,191825003867411
2643,191825003867412
2644,191825003867413
2645,191825003867414
2646,191825003867415
2647,191825003867417
2648,191825003867418
2649,191825003867419
2650,191825003867420
2651,191825003867421
2652,191825003867422
2653,191825003867425
2654,191825003867430
2655,191825003867433
2656,191825003867434
2657,191825003867435
2658,191825003867439
2659,191825003867440
2660,191825003867441
2661,191825003867442
2662,191825003867444
2663,191825003867445
2664,191825003867446
2665,191825003867447
2666,191825003867451
2667,191825003867463
2668,191825003867465
2669,191825003867466
2670,191825003867467
2671,191825003867468
2672,191825003867472
2673,191825003867473
2674,191825003867474
2675,191825003867475
2676,191825003867476
2677,191825003867477
2678,191825003867478
2679,191825003867479
2680,191825003867480
2681,191825003867481
2682,191825003867486
2683,191825003867491
2684,191825003867492
2685,191825003867493
2686,191825003867496
2687,191825003867497
2688,191825003867498
2689,191825003867501
2690,191825003867502
2691,191825003867503
2692,191825003867505
2693,191825003867506
2694,191825003867507
2695,191825003867509
2696,191825003867510
2697,191825003867511
2698,191825003867513
2699,191825003867515
2700,191825003867516
2701,191825003867517
2702,191825003867518
2703,191825003867521
2704,191825003867522
2705,191825003867523
2706,191825003867524
2707,191825003867527
2708,191825003867532
2709,191825003867537
2710,191825003867538
2711,191825003867539
2712,191825003867540
2713,191825003867542
2714,191825003867545
2715,191825003867546
2716,191825003867547
2717,191825003867548
2718,191825003867550
2719,191825003867551
2720,191825003867552
2721,191825003867553
2722,191825003867555
2723,191825003867559
2724,191825003867562
2725,191825003867563
2726,191825003867564
2727,191825003867565
2728,191825003867566
2729,191825003867567
2730,191825003867568
2731,191825003867569
2732,191825003867572
2733,191825003867573
2734,191825003867574
2735,191825003867575
2736,191825003867576
2737,191825003867577
2738,191825003867581
2739,191825003867583
2740,191825003867584
2741,191825003867585
2742,191825003867587
2743,191825003867591
2744,191825003867592
2745,191825003867593
2746,191825003867594
2747,191825003867595
2748,191825003867596
2749,191825003867597
2750,191825003867601
2751,191825003867611
2752,191825003867613
2753,191825003867617
2754,191825003867618
2755,191825003867624
2756,191825003867627
2757,191825003867628
2758,191825003867629
2759,191825003867630
2760,191825003867631
2761,191825003867632
2762,191825003867633
2763,191825003867634
2764,191825003867635
2765,191825003867636
2766,191825003867640
2767,191825003867641
2768,191825003867642
2769,191825003867651
2770,191825003867652
2771,191825003867653
2772,191825003867655
2773,191825003867656
2774,191825003867658
2775,191825003867659
2776,191825003867665
2777,191825003867666
2778,191825003867667
2779,191825003867668
2780,191825003867669
2781,191825003867670
2782,191825003867671
2783,191825003867676
2784,191825003867679
2785,191825003867680
2786,191825003867686
2787,191825003867687
2788,191825003867688
2789,191825003867689
2790,191825003867690
2791,191825003867692
2792,191825003867695
2793,191825003867698
2794,191825003867699
2795,191825003867700
2796,191825003867702
2797,191825003867704
2798,191825003867705
2799,191825003867706
2800,191825003867708
2801,191825003867709
2802,191825003867710
2803,191825003867711
2804,191825003867712
2805,191825003867717
2806,191825003867718
2807,191825003867726
2808,191825003867732
2809,191825003867733
2810,191825003867735
2811,191825003867739
2812,191825003867740
2813,191825003867741
2814,191825003867744
2815,191825003867746
2816,191825003867747
2817,191825003867748
2818,191825003867749
2819,191825003867751
2820,191825003867757
2821,191825003867761
2822,191825003867764
2823,191825003867766
2824,191825003867772
2825,191825003867775
2826,191825003867776
2827,191825003867777
2828,191825003867778
2829,191825003867779
2830,191825003867780
2831,191825003867781
2832,191825003867782
2833,191825003867783
2834,191825003867784
2835,191825003867785
2836,191825003867787
2837,191825003867788
2838,191825003867789
2839,191825003867790
2840,191825003867791
2841,191825003867793
2842,191825003867805
2843,191825003867806
2844,191825003867807
2845,191825003867811
2846,191825003867813
2847,191825003867816
2848,191825003867818
2849,191825003867819
2850,191825003867820
2851,191825003867821
2852,191825003867822
2853,191825003867823
2854,191825003867825
2855,191825003867826
2856,191825003867827
2857,191825003867828
2858,191825003867829
2859,191825003867830
2860,191825003867831
2861,191825003867832
2862,191825003867834
2863,191825003867835
2864,191825003867836
2865,191825003867837
2866,191825003867840
2867,191825003867841
2868,191825003867842
2869,191825003867844
2870,191825003867845
2871,191825003867846
2872,191825003867848
2873,191825003867849
2874,191825003867851
2875,191825003867852
2876,191825003867853
2877,191825003867855
2878,191825003867856
2879,191825003867857
2880,191825003867859
2881,191825003867860
2882,191825003867861
2883,191825003867862
2884,191825003867863
2885,191825003867864
2886,191825003867865
2887,191825003867869
2888,191825003867873
2889,191825003867879
2890,191825003867881
2891,191825003867882
2892,191825003867883
2893,191825003867892
2894,191825003867893
2895,191825003867894
2896,191825003867903
2897,191825003867904
2898,191825003867905
2899,191825003867906
2900,191825003867908
2901,191825003867909
2902,191825003867910
2903,191825003867911
2904,191825003867912
2905,191825003867913
2906,191825003867914
2907,191825003867915
2908,191825003867916
2909,191825003867917
2910,191825003867918
2911,191825003867921
2912,191825003867922
2913,191825003867933
2914,191825003867938
2915,191825003867942
2916,191825003867944
2917,191825003867946
2918,191825003867949
2919,191825003867950
2920,191825003867951
2921,191825003867952
2922,191825003867953
2923,191825003867959
2924,191825003867960
2925,191825003867963
2926,191825003867964
2927,191825003867965
2928,191825003867966
2929,191825003867969
2930,191825003867970
2931,191825003867973
2932,191825003867974
2933,191825003867975
2934,191825003867980
2935,191825003867981
2936,191825003867982
2937,191825003867983
2938,191825003867987
2939,191825003867988
2940,191825003867990
2941,191825003867991
2942,191825003867995
2943,191825003867996
2944,191825003867997
2945,191825003868000
2946,191825003868001
2947,191825003868004
2948,191825003868008
2949,191825003868010
2950,191825003868011
2951,191825003868012
2952,191825003868013
2953,191825003868014
2954,191825003868015
2955,191825003868018
2956,191825003868019
2957,191825003868033
2958,191825003868034
2959,191825003868035
2960,191825003868036
2961,191825003868038
2962,191825003868039
2963,191825003868042
2964,191825003868043
2965,191825003868046
2966,191825003868047
2967,191825003868048
2968,191825003868049
2969,191825003868050
2970,191825003868051
2971,191825003868052
2972,191825003868053
2973,191825003868055
2974,191825003868056
2975,191825003868057
2976,191825003868058
2977,191825003868059
2978,191825003868062
2979,191825003868064
2980,191825003868065
2981,191825003868066
2982,191825003868068
2983,191825003868071
2984,191825003868072
2985,191825003868074
2986,191825003868075
2987,191825003868076
2988,191825003868077
2989,191825003868078
2990,191825003868079
2991,191825003868081
2992,191825003868082
2993,191825003868083
2994,191825003868084
2995,191825003868085
2996,191825003868086
2997,191825003868087
2998,191825003868088
2999,191825003868089
3000,191825003868090
3001,191825003868091
3002,191825003868092
3003,191825003868093
3004,191825003868094
3005,191825003868095
3006,191825003868096
3007,191825003868097
3008,191825003868107
3009,191825003868116
3010,191825003868117
3011,191825003868119
3012,191825003868120
3013,191825003868121
3014,191825003868123
3015,191825003868126
3016,191825003868127
3017,191825003868128
3018,191825003868132
3019,191825003868133
3020,191825003868134
3021,191825003868135
3022,191825003868138
3023,191825003868139
3024,191825003868141
3025,191825003868142
3026,191825003868145
3027,191825003868146
3028,191825003868149
3029,191825003868150
3030,191825003868151
3031,191825003868152
3032,191825003868153
3033,191825003868159
3034,191825003868163
3035,191825003868164
3036,191825003868165
3037,191825003868170
3038,191825003868171
3039,191825003868172
3040,191825003868175
3041,191825003868176
3042,191825003868177
3043,191825003868178
3044,191825003868180
3045,191825003868181
3046,191825003868183
3047,191825003868184
3048,191825003868185
3049,191825003868186
3050,191825003868189
3051,191825003868190
3052,191825003868191
3053,191825003868192
3054,191825003868193
3055,191825003868194
3056,191825003868205
3057,191825003868206
3058,191825003868207
3059,191825003868208
3060,191825003868209
3061,191825003868213
3062,191825003868214
3063,191825003868215
3064,191825003868216
3065,191825003868217
3066,191825003868218
3067,191825003868219
3068,191825003868220
3069,191825003868221
3070,191825003868222
3071,191825003868224
3072,191825003868225
3073,191825003868226
3074,191825003868227
3075,191825003868230
3076,191825003868231
3077,191825003868232
3078,191825003868233
3079,191825003868234
3080,191825003868235
3081,191825003868236
3082,191825003868238
3083,191825003868239
3084,191825003868240
3085,191825003868242
3086,191825003868249
3087,191825003868250
3088,191825003868253
3089,191825003868254
3090,191825003868255
3091,191825003868256
3092,191825003868259
3093,191825003868260
3094,191825003868261
3095,191825003868265
3096,191825003868268
3097,191825003868269
3098,191825003868270
3099,191825003868271
3100,191825003868276
3101,191825003868278
3102,191825003868279
3103,191825003868288
3104,191825003868289
3105,191825003868290
3106,191825003868293
3107,191825003868294
3108,191825003868300
3109,191825003868301
3110,191825003868302
3111,191825003868304
3112,191825003868308
3113,191825003868309
3114,191825003868310
3115,191825003868311
3116,191825003868312
3117,191825003868313
3118,191825003868326
3119,191825003868331
3120,191825003868332
3121,191825003868340
3122,191825003868344
3123,191825003868345
3124,191825003868346
3125,191825003868347
3126,191825003868348
3127,191825003868349
3128,191825003868350
3129,191825003868358
3130,191825003868359
3131,191825003868360
3132,191825003868361
3133,191825003868362
3134,191825003868365
3135,191825003868366
3136,191825003868375
3137,191825003868377
3138,191825003868378
3139,191825003868379
3140,191825003868386
3141,191825003868388
3142,191825003868389
3143,191825003868390
3144,191825003868399
3145,191825003868403
3146,191825003868404
3147,191825003868409
3148,191825003868410
3149,191825003868413
3150,191825003868414
3151,191825003868417
3152,191825003868418
3153,191825003868423
3154,191825003868426
3155,191825003868428
3156,191825003868429
3157,191825003868436
3158,191825003868437
3159,191825003868438
3160,191825003868439
3161,191825003868441
3162,191825003868442
3163,191825003868443
3164,191825003868444
3165,191825003868445
3166,191825003868446
3167,191825003868447
3168,191825003868458
3169,191825003868460
3170,191825003868461
3171,191825003868464
3172,191825003868465
3173,191825003868468
3174,191825003868470
3175,191825003868472
3176,191825003868474
3177,191825003868477
3178,191825003868481
3179,191825003868482
3180,191825003868483
3181,191825003868485
3182,191825003868490
3183,191825003868491
3184,191825003868501
3185,191825003868503
3186,191825003868507
3187,191825003868508
3188,191825003868509
3189,191825003868511
3190,191825003868513
3191,191825003868515
3192,191825003868518
3193,191825003868519
3194,191825003868520
3195,191825003868521
3196,191825003868522
3197,191825003868525
3198,191825003868526
3199,191825003868527
3200,191825003868528
3201,191825003868529
3202,191825003868530
3203,191825003868531
3204,191825003868532
3205,191825003868533
3206,191825003868534
3207,191825003868535
3208,191825003868541
3209,191825003868544
3210,191825003868545
3211,191825003868546
3212,191825003868547
3213,191825003868550
3214,191825003868551
3215,191825003868553
3216,191825003868554
3217,191825003868555
3218,191825003868556
3219,191825003868560
3220,191825003868564
3221,191825003868566
3222,191825003868567
3223,191825003868568
3224,191825003868572
3225,191825003868580
3226,191825003868585
3227,191825003868588
3228,191825003868589
3229,191825003868591
3230,191825003868592
3231,191825003868593
3232,191825003868594
3233,191825003868595
3234,191825003868601
3235,191825003868602
3236,191825003868603
3237,191825003868606
3238,191825003868607
3239,191825003868608
3240,191825003868610
3241,191825003868611
3242,191825003868612
3243,191825003868615
3244,191825003868616
3245,191825003868617
3246,191825003868618
3247,191825003868619
3248,191825003868621
3249,191825003868627
3250,191825003868628
3251,191825003868629
3252,191825003868638
3253,191825003868639
3254,191825003868640
3255,191825003868651
3256,191825003868653
3257,191825003868654
3258,191825003868657
3259,191825003868662
3260,191825003868667
3261,191825003868669
3262,191825003868671
3263,191825003868674
3264,191825003868675
3265,191825003868677
3266,191825003868678
3267,191825003868682
3268,191825003868683
3269,191825003868684
3270,191825003868688
3271,191825003868692
3272,191825003868693
3273,191825003868694
3274,191825003868695
3275,191825003868696
3276,191825003868702
3277,191825003868718
3278,191825003868724
3279,191825003868725
3280,191825003868726
3281,191825003868728
3282,191825003868729
3283,191825003868730
3284,191825003868735
3285,191825003868736
3286,191825003868737
3287,191825003868741
3288,191825003868742
3289,191825003868746
3290,191825003868747
3291,191825003868753
3292,191825003868756
3293,191825003868759
3294,191825003868762
3295,191825003868763
3296,191825003868764
3297,191825003868765
3298,191825003868766
3299,191825003868767
3300,191825003868768
3301,191825003868770
3302,191825003868771
3303,191825003868772
3304,191825003868774
3305,191825003868781
3306,191825003868783
3307,191825003868784
3308,191825003868785
3309,191825003868787
3310,191825003868792
3311,191825003868794
3312,191825003868796
3313,191825003868797
3314,191825003868802
3315,191825003868803
3316,191825003868808
3317,191825003868809
3318,191825003868810
3319,191825003868811
3320,191825003868812
3321,191825003868813
3322,191825003868816
3323,191825003868817
3324,191825003868818
3325,191825003868819
3326,191825003868820
3327,191825003868821
3328,191825003868822
3329,191825003868823
3330,191825003868824
3331,191825003868825
3332,191825003868826
3333,191825003868836
3334,191825003868838
3335,191825003868839
3336,191825003868840
3337,191825003868851
3338,191825003868852
3339,191825003868856
3340,191825003868859
3341,191825003868860
3342,191825003868861
3343,191825003868862
3344,191825003868867
3345,191825003868868
3346,191825003868869
3347,191825003868871
3348,191825003868872
3349,191825003868873
3350,191825003868874
3351,191825003868876
3352,191825003868877
3353,191825003868878
3354,191825003868880
3355,191825003868881
3356,191825003868882
3357,191825003868883
3358,191825003868886
3359,191825003868887
3360,191825003868888
3361,191825003868889
3362,191825003868890
3363,191825003868891
3364,191825003868894
3365,191825003868897
3366,191825003868898
3367,191825003868904
3368,191825003868906
3369,191825003868907
3370,191825003868910
3371,191825003868911
3372,191825003868912
3373,191825003868913
3374,191825003868916
3375,191825003868918
3376,191825003868919
3377,191825003868921
3378,191825003868922
3379,191825003868923
3380,191825003868924
3381,191825003868925
3382,191825003868926
3383,191825003868928
3384,191825003868929
3385,191825003868930
3386,191825003868931
3387,191825003868932
3388,191825003868933
3389,191825003868934
3390,191825003868941
3391,191825003868942
3392,191825003868943
3393,191825003868944
3394,191825003868950
3395,191825003868954
3396,191825003868956
3397,191825003868958
3398,191825003868959
3399,191825003868966
3400,191825003868967
3401,191825003868968
3402,191825003868969
3403,191825003868971
3404,191825003868973
3405,191825003868974
3406,191825003868975
3407,191825003868977
3408,191825003868978
3409,191825003868980
3410,191825003868984
3411,191825003868985
3412,191825003868987
3413,191825003868988
3414,191825003868989
3415,191825003868990
3416,191825003868991
3417,191825003868992
3418,191825003868994
3419,191825003868995
3420,191825003868996
3421,191825003868997
3422,191825003868998
3423,191825003868999
3424,191825003869000
3425,191825003869001
3426,191825003869002
3427,191825003869004
3428,191825003869006
3429,191825003869007
3430,191825003869008
3431,191825003869009
3432,191825003869010
3433,191825003869011
3434,191825003869013
3435,191825003869014
3436,191825003869015
3437,191825003869016
3438,191825003869017
3439,191825003869022
3440,191825003869023
3441,191825003869025
3442,191825003869026
3443,191825003869027
3444,191825003869028
3445,191825003869029
