cdl_code,crop,year,week_ending,pct_planted
1,corn,2018,2018-04-08,0
1,corn,2018,2018-04-15,0
1,corn,2018,2018-04-22,0
1,corn,2018,2018-04-29,17
1,corn,2018,2018-05-06,40
1,corn,2018,2018-05-13,65
1,corn,2018,2018-05-20,86
1,corn,2018,2018-05-27,96
1,corn,2018,2018-06-03,99
1,corn,2019,2019-04-07,0
1,corn,2019,2019-04-14,0
1,corn,2019,2019-04-21,4
1,corn,2019,2019-04-28,21
1,corn,2019,2019-05-05,36
1,corn,2019,2019-05-12,48
1,corn,2019,2019-05-19,70
1,corn,2019,2019-05-26,76
1,corn,2019,2019-06-02,80
1,corn,2019,2019-06-09,93
1,corn,2019,2019-06-16,98
1,corn,2019,2019-06-23,100
1,corn,2020,2020-04-12,0
1,corn,2020,2020-04-19,2
1,corn,2020,2020-04-26,39
1,corn,2020,2020-05-03,78
1,corn,2020,2020-05-10,91
1,corn,2020,2020-05-17,96
1,corn,2020,2020-05-24,97
1,corn,2020,2020-05-31,98
1,corn,2020,2020-06-07,99
1,corn,2021,2021-04-04,0
1,corn,2021,2021-04-11,1
1,corn,2021,2021-04-18,4
1,corn,2021,2021-04-25,20
1,corn,2021,2021-05-02,69
1,corn,2021,2021-05-09,86
1,corn,2021,2021-05-16,94
1,corn,2021,2021-05-23,97
1,corn,2021,2021-05-30,99
1,corn,2022,2022-04-03,0
1,corn,2022,2022-04-10,0
1,corn,2022,2022-04-17,0
1,corn,2022,2022-04-24,2
1,corn,2022,2022-05-01,9
1,corn,2022,2022-05-08,14
1,corn,2022,2022-05-15,57
1,corn,2022,2022-05-22,86
1,corn,2022,2022-05-29,94
1,corn,2022,2022-06-05,98
1,corn,2022,2022-06-12,99
1,corn,2023,2023-04-02,0
1,corn,2023,2023-04-09,0
1,corn,2023,2023-04-16,7
1,corn,2023,2023-04-23,10
1,corn,2023,2023-04-30,29
1,corn,2023,2023-05-07,70
1,corn,2023,2023-05-14,86
1,corn,2023,2023-05-21,95
1,corn,2023,2023-05-28,98
1,corn,2023,2023-06-04,100
1,corn,2023,2023-06-11,100
1,corn,2024,2024-03-31,0
1,corn,2024,2024-04-07,0
1,corn,2024,2024-04-14,4
1,corn,2024,2024-04-21,13
1,corn,2024,2024-04-28,39
1,corn,2024,2024-05-05,47
1,corn,2024,2024-05-12,57
1,corn,2024,2024-05-19,78
1,corn,2024,2024-05-26,88
1,corn,2024,2024-06-02,93
1,corn,2024,2024-06-09,98
1,corn,2025,2025-04-06,0
1,corn,2025,2025-04-13,2
1,corn,2025,2025-04-20,18
1,corn,2025,2025-04-27,34
1,corn,2025,2025-05-04,49
1,corn,2025,2025-05-11,76
1,corn,2025,2025-05-18,91
1,corn,2025,2025-05-25,95
1,corn,2025,2025-06-01,97
1,corn,2025,2025-06-08,99
5,soybean,2018,2018-04-22,0
5,soybean,2018,2018-04-29,3
5,soybean,2018,2018-05-06,12
5,soybean,2018,2018-05-13,33
5,soybean,2018,2018-05-20,58
5,soybean,2018,2018-05-27,81
5,soybean,2018,2018-06-03,93
5,soybean,2018,2018-06-10,98
5,soybean,2018,2018-06-17,99
5,soybean,2019,2019-04-21,0
5,soybean,2019,2019-04-28,3
5,soybean,2019,2019-05-05,8
5,soybean,2019,2019-05-12,13
5,soybean,2019,2019-05-19,27
5,soybean,2019,2019-05-26,32
5,soybean,2019,2019-06-02,41
5,soybean,2019,2019-06-09,70
5,soybean,2019,2019-06-16,89
5,soybean,2019,2019-06-23,95
5,soybean,2019,2019-06-30,97
5,soybean,2019,2019-07-07,99
5,soybean,2020,2020-04-19,0
5,soybean,2020,2020-04-26,9
5,soybean,2020,2020-05-03,46
5,soybean,2020,2020-05-10,71
5,soybean,2020,2020-05-17,86
5,soybean,2020,2020-05-24,92
5,soybean,2020,2020-05-31,95
5,soybean,2020,2020-06-07,97
5,soybean,2020,2020-06-14,99
5,soybean,2020,2020-06-21,99
5,soybean,2021,2021-04-18,1
5,soybean,2021,2021-04-25,6
5,soybean,2021,2021-05-02,43
5,soybean,2021,2021-05-09,67
5,soybean,2021,2021-05-16,83
5,soybean,2021,2021-05-23,89
5,soybean,2021,2021-05-30,93
5,soybean,2021,2021-06-06,98
5,soybean,2021,2021-06-13,99
5,soybean,2021,2021-06-20,100
5,soybean,2022,2022-04-17,0
5,soybean,2022,2022-04-24,1
5,soybean,2022,2022-05-01,4
5,soybean,2022,2022-05-08,7
5,soybean,2022,2022-05-15,34
5,soybean,2022,2022-05-22,69
5,soybean,2022,2022-05-29,85
5,soybean,2022,2022-06-05,94
5,soybean,2022,2022-06-12,97
5,soybean,2022,2022-06-19,99
5,soybean,2022,2022-06-26,100
5,soybean,2023,2023-04-16,3
5,soybean,2023,2023-04-23,5
5,soybean,2023,2023-04-30,16
5,soybean,2023,2023-05-07,49
5,soybean,2023,2023-05-14,69
5,soybean,2023,2023-05-21,84
5,soybean,2023,2023-05-28,94
5,soybean,2023,2023-06-04,98
5,soybean,2023,2023-06-11,100
5,soybean,2024,2024-04-14,2
5,soybean,2024,2024-04-21,8
5,soybean,2024,2024-04-28,25
5,soybean,2024,2024-05-05,30
5,soybean,2024,2024-05-12,39
5,soybean,2024,2024-05-19,61
5,soybean,2024,2024-05-26,73
5,soybean,2024,2024-06-02,84
5,soybean,2024,2024-06-09,92
5,soybean,2024,2024-06-16,97
5,soybean,2024,2024-06-23,99
5,soybean,2025,2025-04-13,1
5,soybean,2025,2025-04-20,11
5,soybean,2025,2025-04-27,25
5,soybean,2025,2025-05-04,38
5,soybean,2025,2025-05-11,64
5,soybean,2025,2025-05-18,84
5,soybean,2025,2025-05-25,92
5,soybean,2025,2025-06-01,96
5,soybean,2025,2025-06-08,97
5,soybean,2025,2025-06-15,99
5,soybean,2025,2025-06-22,100
