date,tmax_f,tmin_f
2018-01-01,-7.3,-20.2
2018-01-02,17.3,-23.2
2018-01-03,19.8,-1.9
2018-01-04,6.7,-10.6
2018-01-05,7.4,-3.9
2018-01-06,12.1,-14.0
2018-01-07,35.7,13.1
2018-01-08,38.4,17.2
2018-01-09,42.8,30.7
2018-01-10,45.1,32.4
2018-01-11,40.0,7.2
2018-01-12,10.5,-2.5
2018-01-13,11.8,-1.6
2018-01-14,23.1,1.0
2018-01-15,22.9,-2.9
2018-01-16,11.3,-4.0
2018-01-17,24.3,1.5
2018-01-18,36.6,18.1
2018-01-19,48.4,27.4
2018-01-20,46.7,25.5
2018-01-21,42.3,36.5
2018-01-22,44.4,31.0
2018-01-23,30.2,20.5
2018-01-24,37.7,17.5
2018-01-25,46.4,23.2
2018-01-26,55.2,34.1
2018-01-27,49.7,24.9
2018-01-28,29.4,18.9
2018-01-29,25.3,12.7
2018-01-30,38.4,12.7
2018-01-31,42.0,32.1
2018-02-01,31.7,6.1
2018-02-02,24.0,3.7
2018-02-03,42.4,22.2
2018-02-04,24.0,4.9
2018-02-05,12.7,2.1
2018-02-06,5.9,-11.4
2018-02-07,6.8,-2.7
2018-02-08,18.1,7.1
2018-02-09,17.9,5.5
2018-02-10,7.5,3.2
2018-02-11,8.8,-1.5
2018-02-12,9.1,-1.8
2018-02-13,25.3,8.2
2018-02-14,36.7,23.2
2018-02-15,36.1,26.3
2018-02-16,23.6,3.6
2018-02-17,32.9,16.3
2018-02-18,49.6,13.1
2018-02-19,37.3,27.9
2018-02-20,29.3,16.3
2018-02-21,26.1,7.3
2018-02-22,32.9,22.4
2018-02-23,34.3,23.1
2018-02-24,33.4,21.8
2018-02-25,43.0,22.6
2018-02-26,56.7,23.5
2018-02-27,62.6,33.0
2018-02-28,50.4,28.8
2018-03-01,45.1,26.2
2018-03-02,48.3,20.6
2018-03-03,54.0,33.3
2018-03-04,55.8,37.2
2018-03-05,47.6,31.9
2018-03-06,37.8,27.6
2018-03-07,33.4,20.6
2018-03-08,34.4,18.1
2018-03-09,38.8,19.7
2018-03-10,42.4,25.3
2018-03-11,43.1,31.4
2018-03-12,45.0,27.5
2018-03-13,41.1,23.8
2018-03-14,57.8,21.2
2018-03-15,51.8,26.4
2018-03-16,38.8,28.7
2018-03-17,44.2,31.1
2018-03-18,45.0,30.3
2018-03-19,54.1,33.0
2018-03-20,37.9,30.9
2018-03-21,45.5,23.5
2018-03-22,47.4,29.1
2018-03-23,45.4,33.4
2018-03-24,37.1,29.8
2018-03-25,37.1,27.5
2018-03-26,37.8,30.7
2018-03-27,45.6,29.3
2018-03-28,55.4,25.9
2018-03-29,43.4,28.0
2018-03-30,48.7,29.3
2018-03-31,48.8,21.9
2018-04-01,35.3,19.0
2018-04-02,43.0,20.2
2018-04-03,35.6,19.3
2018-04-04,35.0,12.9
2018-04-05,47.8,28.0
2018-04-06,34.5,18.4
2018-04-07,40.1,14.8
2018-04-08,31.1,23.5
2018-04-09,39.2,27.9
2018-04-10,51.4,24.9
2018-04-11,62.9,34.2
2018-04-12,63.2,41.1
2018-04-13,54.4,40.1
2018-04-14,39.6,29.6
2018-04-15,28.8,23.6
2018-04-16,32.2,20.3
2018-04-17,46.8,20.2
2018-04-18,35.1,29.3
2018-04-19,47.2,26.7
2018-04-20,55.4,25.2
2018-04-21,56.1,40.9
2018-04-22,63.6,41.1
2018-04-23,66.7,43.8
2018-04-24,70.1,40.0
2018-04-25,60.4,42.3
2018-04-26,66.6,37.5
2018-04-27,68.8,37.8
2018-04-28,56.0,39.2
2018-04-29,65.3,39.0
2018-04-30,79.7,53.6
2018-05-01,74.8,60.6
2018-05-02,68.1,57.7
2018-05-03,72.1,53.6
2018-05-04,75.1,53.3
2018-05-05,79.2,49.6
2018-05-06,74.7,53.2
2018-05-07,76.5,47.8
2018-05-08,78.4,56.2
2018-05-09,73.1,57.7
2018-05-10,71.5,54.3
2018-05-11,65.8,50.8
2018-05-12,61.0,48.3
2018-05-13,65.0,53.2
2018-05-14,78.4,58.9
2018-05-15,76.7,56.1
2018-05-16,77.9,54.6
2018-05-17,79.7,57.8
2018-05-18,78.9,58.7
2018-05-19,76.1,58.4
2018-05-20,65.4,52.9
2018-05-21,69.4,56.6
2018-05-22,78.8,53.2
2018-05-23,82.7,62.1
2018-05-24,84.8,65.7
2018-05-25,85.0,68.3
2018-05-26,90.1,63.1
2018-05-27,92.9,62.1
2018-05-28,90.6,66.5
2018-05-29,87.7,66.7
2018-05-30,80.8,66.5
2018-05-31,86.0,62.3
2018-06-01,89.2,64.1
2018-06-02,80.2,63.8
2018-06-03,74.9,58.7
2018-06-04,80.8,52.3
2018-06-05,86.3,62.1
2018-06-06,89.1,66.0
2018-06-07,82.8,67.7
2018-06-08,83.6,68.9
2018-06-09,87.1,66.6
2018-06-10,81.1,64.6
2018-06-11,83.8,64.0
2018-06-12,86.2,66.7
2018-06-13,77.6,60.0
2018-06-14,80.2,60.6
2018-06-15,92.6,71.8
2018-06-16,91.0,72.7
2018-06-17,90.9,77.1
2018-06-18,90.0,75.1
2018-06-19,81.8,71.9
2018-06-20,78.4,67.8
2018-06-21,74.0,61.0
2018-06-22,74.7,62.0
2018-06-23,76.6,57.9
2018-06-24,80.5,63.1
2018-06-25,76.6,66.3
2018-06-26,76.1,65.8
2018-06-27,83.0,62.5
2018-06-28,86.5,67.4
2018-06-29,91.9,75.9
2018-06-30,88.8,71.2
2018-07-01,77.8,67.8
2018-07-02,82.2,61.5
2018-07-03,88.1,66.7
2018-07-04,89.1,73.5
2018-07-05,85.1,70.7
2018-07-06,79.5,63.6
2018-07-07,79.2,61.3
2018-07-08,82.4,61.3
2018-07-09,89.2,64.6
2018-07-10,87.1,72.4
2018-07-11,90.1,69.9
2018-07-12,92.7,73.3
2018-07-13,88.4,73.3
2018-07-14,82.6,70.0
2018-07-15,83.8,68.1
2018-07-16,81.2,67.7
2018-07-17,83.0,61.3
2018-07-18,82.2,64.9
2018-07-19,80.6,67.9
2018-07-20,77.5,67.9
2018-07-21,78.6,64.6
2018-07-22,79.9,62.8
2018-07-23,81.8,62.2
2018-07-24,80.4,63.6
2018-07-25,82.7,62.3
2018-07-26,74.8,59.8
2018-07-27,73.9,55.9
2018-07-28,75.2,57.5
2018-07-29,76.3,59.2
2018-07-30,78.2,57.5
2018-07-31,80.7,59.0
2018-08-01,83.7,61.5
2018-08-02,77.0,58.4
2018-08-03,92.3,64.7
2018-08-04,87.7,74.0
2018-08-05,86.5,69.8
2018-08-06,81.7,68.5
2018-08-07,77.5,66.3
2018-08-08,82.9,59.1
2018-08-09,87.1,68.3
2018-08-10,83.4,65.1
2018-08-11,84.6,62.9
2018-08-12,87.1,64.0
2018-08-13,88.0,66.6
2018-08-14,83.7,71.0
2018-08-15,82.3,68.5
2018-08-16,75.2,66.9
2018-08-17,81.7,66.2
2018-08-18,83.6,64.0
2018-08-19,81.4,67.9
2018-08-20,76.0,65.8
2018-08-21,74.2,61.8
2018-08-22,74.7,55.7
2018-08-23,76.6,57.4
2018-08-24,82.1,64.7
2018-08-25,84.1,63.0
2018-08-26,81.3,72.0
2018-08-27,87.8,73.9
2018-08-28,84.8,62.5
2018-08-29,70.9,55.6
2018-08-30,77.2,56.3
2018-08-31,82.2,67.4
2018-09-01,84.6,67.5
2018-09-02,79.1,69.9
2018-09-03,74.8,68.9
2018-09-04,83.1,71.2
2018-09-05,74.8,67.0
2018-09-06,75.0,61.6
2018-09-07,67.5,60.0
2018-09-08,70.7,55.9
2018-09-09,70.7,52.7
2018-09-10,74.7,52.0
2018-09-11,78.2,59.4
2018-09-12,78.4,61.8
2018-09-13,81.0,62.2
2018-09-14,84.0,68.2
2018-09-15,85.6,68.2
2018-09-16,83.2,68.1
2018-09-17,86.3,68.5
2018-09-18,78.1,65.9
2018-09-19,84.7,65.8
2018-09-20,87.6,68.3
2018-09-21,67.7,52.2
2018-09-22,64.2,45.8
2018-09-23,72.5,50.7
2018-09-24,76.0,55.9
2018-09-25,65.9,49.9
2018-09-26,63.1,49.6
2018-09-27,69.1,52.4
2018-09-28,57.9,42.6
2018-09-29,52.0,39.5
2018-09-30,56.1,46.5
2018-10-01,64.1,49.9
2018-10-02,65.2,47.1
2018-10-03,83.6,56.0
2018-10-04,54.6,38.9
2018-10-05,62.6,49.6
2018-10-06,55.8,48.6
2018-10-07,57.5,47.3
2018-10-08,70.0,54.8
2018-10-09,69.7,58.7
2018-10-10,67.2,40.7
2018-10-11,46.8,36.1
2018-10-12,46.5,34.0
2018-10-13,55.5,37.0
2018-10-14,48.0,33.7
2018-10-15,44.8,30.2
2018-10-16,60.3,35.4
2018-10-17,51.0,36.0
2018-10-18,64.4,37.2
2018-10-19,67.8,51.2
2018-10-20,51.4,32.5
2018-10-21,56.2,28.9
2018-10-22,61.5,35.5
2018-10-23,52.2,33.1
2018-10-24,55.0,33.6
2018-10-25,49.8,43.1
2018-10-26,56.3,39.5
2018-10-27,63.0,36.5
2018-10-28,57.3,45.3
2018-10-29,58.9,35.3
2018-10-30,56.2,44.0
2018-10-31,55.9,38.0
2018-11-01,56.9,34.3
2018-11-02,48.9,39.6
2018-11-03,45.7,38.4
2018-11-04,45.6,42.1
2018-11-05,46.3,39.0
2018-11-06,44.6,32.8
2018-11-07,38.6,25.6
2018-11-08,34.8,22.9
2018-11-09,31.1,17.2
2018-11-10,28.2,13.0
2018-11-11,43.3,23.8
2018-11-12,27.4,15.5
2018-11-13,30.0,12.3
2018-11-14,41.5,21.0
2018-11-15,44.7,23.5
2018-11-16,41.5,32.7
2018-11-17,33.3,22.4
2018-11-18,33.3,10.9
2018-11-19,36.5,20.8
2018-11-20,38.7,15.8
2018-11-21,43.2,25.1
2018-11-22,51.4,27.6
2018-11-23,46.0,40.3
2018-11-24,48.9,31.9
2018-11-25,33.6,23.9
2018-11-26,25.3,16.8
2018-11-27,27.6,13.5
2018-11-28,27.5,18.8
2018-11-29,37.6,22.1
2018-11-30,40.7,24.0
2018-12-01,39.2,32.4
2018-12-02,34.6,28.9
2018-12-03,30.6,25.0
2018-12-04,26.1,22.6
2018-12-05,34.2,21.1
2018-12-06,26.0,15.9
2018-12-07,28.6,12.2
2018-12-08,32.9,22.1
2018-12-09,33.3,17.7
2018-12-10,32.4,16.9
2018-12-11,42.8,23.6
2018-12-12,38.1,22.9
2018-12-13,38.2,27.0
2018-12-14,41.1,21.0
2018-12-15,47.6,23.3
2018-12-16,47.9,29.4
2018-12-17,44.0,25.6
2018-12-18,49.5,30.9
2018-12-19,52.6,38.1
2018-12-20,40.4,29.3
2018-12-21,32.4,24.2
2018-12-22,40.6,23.5
2018-12-23,38.5,23.1
2018-12-24,37.1,20.2
2018-12-25,43.5,26.8
2018-12-26,38.5,29.2
2018-12-27,48.8,30.5
2018-12-28,29.8,14.6
2018-12-29,22.8,10.3
2018-12-30,41.5,17.2
2018-12-31,35.1,24.5
2019-01-01,23.6,13.3
2019-01-02,33.2,13.9
2019-01-03,49.3,24.8
2019-01-04,49.3,27.3
2019-01-05,51.2,30.2
2019-01-06,43.7,30.7
2019-01-07,48.2,37.0
2019-01-08,43.7,27.3
2019-01-09,26.3,14.0
2019-01-10,32.0,16.3
2019-01-11,34.5,23.5
2019-01-12,30.4,27.2
2019-01-13,29.0,11.7
2019-01-14,31.4,12.4
2019-01-15,32.0,23.3
2019-01-16,27.8,15.9
2019-01-17,30.6,20.2
2019-01-18,23.0,16.8
2019-01-19,17.7,-2.0
2019-01-20,6.9,-3.8
2019-01-21,15.4,-1.9
2019-01-22,26.6,16.3
2019-01-23,17.7,9.2
2019-01-24,22.2,-3.8
2019-01-25,5.6,-17.1
2019-01-26,21.3,-13.6
2019-01-27,21.9,-11.4
2019-01-28,34.9,1.3
2019-01-29,4.6,-13.0
2019-01-30,-12.6,-25.7
2019-01-31,-1.3,-27.0
2019-02-01,25.1,-6.3
2019-02-02,44.2,27.7
2019-02-03,51.7,44.1
2019-02-04,45.8,8.8
2019-02-05,25.4,6.2
2019-02-06,34.8,16.9
2019-02-07,21.1,1.7
2019-02-08,11.3,-3.5
2019-02-09,25.1,2.9
2019-02-10,24.1,16.8
2019-02-11,28.6,20.7
2019-02-12,27.1,6.4
2019-02-13,26.7,-2.8
2019-02-14,32.5,2.8
2019-02-15,8.6,-4.0
2019-02-16,19.1,-5.2
2019-02-17,24.6,20.0
2019-02-18,21.3,-2.2
2019-02-19,17.7,-11.5
2019-02-20,28.9,17.3
2019-02-21,16.9,6.6
2019-02-22,30.0,7.9
2019-02-23,33.5,30.6
2019-02-24,29.7,1.0
2019-02-25,5.5,-6.3
2019-02-26,14.7,0.7
2019-02-27,14.9,1.3
2019-02-28,16.2,4.5
2019-03-01,24.4,6.4
2019-03-02,16.5,6.9
2019-03-03,4.2,-8.6
2019-03-04,4.4,-10.3
2019-03-05,12.9,1.9
2019-03-06,23.5,0.3
2019-03-07,21.6,10.0
2019-03-08,32.5,17.4
2019-03-09,35.4,28.7
2019-03-10,34.0,17.4
2019-03-11,32.7,11.1
2019-03-12,43.1,22.1
2019-03-13,56.5,40.7
2019-03-14,48.3,33.9
2019-03-15,45.5,26.0
2019-03-16,49.3,21.6
2019-03-17,46.8,25.0
2019-03-18,46.2,24.3
2019-03-19,50.0,26.5
2019-03-20,55.0,30.2
2019-03-21,55.0,29.1
2019-03-22,55.4,28.8
2019-03-23,56.3,28.3
2019-03-24,53.2,42.4
2019-03-25,49.6,32.0
2019-03-26,52.8,33.4
2019-03-27,67.3,40.6
2019-03-28,57.0,41.9
2019-03-29,47.0,34.8
2019-03-30,41.8,28.4
2019-03-31,42.0,21.5
2019-04-01,55.6,32.6
2019-04-02,52.4,33.4
2019-04-03,54.1,30.4
2019-04-04,55.0,42.3
2019-04-05,62.7,38.1
2019-04-06,71.0,45.0
2019-04-07,70.1,48.7
2019-04-08,74.2,41.5
2019-04-09,62.8,42.1
2019-04-10,49.1,39.1
2019-04-11,62.5,36.9
2019-04-12,39.1,32.6
2019-04-13,46.8,29.2
2019-04-14,52.8,31.2
2019-04-15,66.3,31.6
2019-04-16,69.2,45.7
2019-04-17,68.5,49.6
2019-04-18,55.1,43.1
2019-04-19,60.6,38.0
2019-04-20,69.4,35.4
2019-04-21,77.9,51.6
2019-04-22,68.7,48.6
2019-04-23,64.8,43.3
2019-04-24,67.6,40.9
2019-04-25,62.6,48.4
2019-04-26,60.0,44.8
2019-04-27,51.2,34.8
2019-04-28,51.3,28.1
2019-04-29,62.7,45.1
2019-04-30,53.1,45.2
2019-05-01,56.3,43.0
2019-05-02,59.5,44.0
2019-05-03,58.1,38.5
2019-05-04,65.8,38.6
2019-05-05,71.2,53.9
2019-05-06,65.2,49.5
2019-05-07,65.2,48.9
2019-05-08,69.2,45.0
2019-05-09,52.4,38.6
2019-05-10,62.2,39.6
2019-05-11,55.0,45.0
2019-05-12,54.1,41.1
2019-05-13,63.2,36.9
2019-05-14,64.2,48.7
2019-05-15,75.6,43.8
2019-05-16,84.7,61.2
2019-05-17,73.3,60.6
2019-05-18,79.3,60.9
2019-05-19,61.0,47.6
2019-05-20,59.0,39.9
2019-05-21,55.7,47.5
2019-05-22,69.7,55.7
2019-05-23,70.2,48.5
2019-05-24,80.1,57.3
2019-05-25,78.1,63.8
2019-05-26,75.7,57.8
2019-05-27,79.1,56.4
2019-05-28,64.0,54.5
2019-05-29,72.3,59.1
2019-05-30,73.9,52.4
2019-05-31,84.1,54.5
2019-06-01,75.4,61.5
2019-06-02,74.8,51.7
2019-06-03,72.5,55.0
2019-06-04,79.3,60.7
2019-06-05,84.9,64.0
2019-06-06,83.3,65.2
2019-06-07,82.4,64.0
2019-06-08,79.8,62.3
2019-06-09,75.8,60.6
2019-06-10,74.7,52.9
2019-06-11,76.5,53.8
2019-06-12,68.8,56.3
2019-06-13,71.8,47.9
2019-06-14,74.0,59.9
2019-06-15,80.4,64.8
2019-06-16,77.0,62.0
2019-06-17,79.6,58.2
2019-06-18,72.5,62.3
2019-06-19,75.1,63.5
2019-06-20,74.8,59.0
2019-06-21,71.3,63.1
2019-06-22,76.2,61.3
2019-06-23,77.0,66.0
2019-06-24,74.8,62.7
2019-06-25,82.0,63.4
2019-06-26,84.0,62.2
2019-06-27,87.2,67.7
2019-06-28,87.0,69.4
2019-06-29,90.6,70.1
2019-06-30,91.5,73.2
2019-07-01,87.9,73.6
2019-07-02,86.9,74.3
2019-07-03,87.3,70.3
2019-07-04,85.9,71.2
2019-07-05,85.6,69.4
2019-07-06,82.8,69.4
2019-07-07,81.1,63.4
2019-07-08,83.9,65.8
2019-07-09,86.6,68.7
2019-07-10,82.4,68.3
2019-07-11,81.1,65.9
2019-07-12,87.4,61.4
2019-07-13,88.8,69.0
2019-07-14,90.5,69.6
2019-07-15,89.2,74.9
2019-07-16,85.6,70.3
2019-07-17,88.3,70.8
2019-07-18,94.8,77.7
2019-07-19,96.3,80.4
2019-07-20,89.7,73.0
2019-07-21,78.2,67.6
2019-07-22,75.6,62.6
2019-07-23,78.8,57.4
2019-07-24,80.8,58.1
2019-07-25,79.7,62.1
2019-07-26,87.7,70.7
2019-07-27,89.2,71.5
2019-07-28,86.5,70.6
2019-07-29,80.6,66.4
2019-07-30,76.3,57.6
2019-07-31,79.1,58.8
2019-08-01,81.1,59.5
2019-08-02,81.0,61.8
2019-08-03,84.2,66.2
2019-08-04,86.2,67.0
2019-08-05,88.3,69.2
2019-08-06,82.0,66.7
2019-08-07,87.9,63.3
2019-08-08,80.8,63.4
2019-08-09,80.5,57.3
2019-08-10,86.5,66.9
2019-08-11,84.5,71.7
2019-08-12,80.8,69.1
2019-08-13,84.0,67.2
2019-08-14,74.7,62.2
2019-08-15,77.7,59.5
2019-08-16,79.8,64.8
2019-08-17,80.3,63.1
2019-08-18,79.4,67.2
2019-08-19,80.0,66.0
2019-08-20,87.2,70.1
2019-08-21,75.8,63.1
2019-08-22,76.6,55.6
2019-08-23,77.2,58.8
2019-08-24,74.3,60.1
2019-08-25,74.9,61.3
2019-08-26,75.5,61.4
2019-08-27,74.1,59.8
2019-08-28,75.5,56.8
2019-08-29,84.2,63.1
2019-08-30,75.0,57.5
2019-08-31,69.2,59.3
2019-09-01,78.4,56.9
2019-09-02,83.8,66.1
2019-09-03,84.1,67.6
2019-09-04,73.6,55.9
2019-09-05,86.2,58.2
2019-09-06,79.1,61.9
2019-09-07,78.0,57.2
2019-09-08,74.9,60.4
2019-09-09,83.9,64.7
2019-09-10,85.3,70.4
2019-09-11,86.7,72.1
2019-09-12,83.9,67.6
2019-09-13,70.9,59.0
2019-09-14,79.7,58.9
2019-09-15,85.8,67.6
2019-09-16,86.8,69.1
2019-09-17,87.4,70.7
2019-09-18,86.8,71.4
2019-09-19,84.3,69.1
2019-09-20,86.0,68.9
2019-09-21,78.5,68.4
2019-09-22,70.4,56.1
2019-09-23,77.0,51.8
2019-09-24,82.4,63.0
2019-09-25,71.0,61.0
2019-09-26,70.6,51.2
2019-09-27,75.2,59.5
2019-09-28,69.2,53.7
2019-09-29,73.8,58.4
2019-09-30,86.6,71.8
2019-10-01,78.6,63.2
2019-10-02,63.7,56.9
2019-10-03,58.5,46.0
2019-10-04,58.1,39.0
2019-10-05,69.1,51.9
2019-10-06,65.4,47.2
2019-10-07,67.3,47.2
2019-10-08,67.6,49.8
2019-10-09,65.8,53.3
2019-10-10,68.4,44.5
2019-10-11,43.0,36.5
2019-10-12,51.4,32.3
2019-10-13,48.5,37.9
2019-10-14,57.0,31.3
2019-10-15,56.6,43.2
2019-10-16,49.5,38.0
2019-10-17,59.5,36.2
2019-10-18,67.7,46.8
2019-10-19,63.3,49.0
2019-10-20,63.3,40.8
2019-10-21,56.8,45.4
2019-10-22,52.6,43.1
2019-10-23,54.8,37.4
2019-10-24,46.1,34.8
2019-10-25,51.0,26.3
2019-10-26,52.0,31.0
2019-10-27,51.3,34.7
2019-10-28,40.7,32.2
2019-10-29,41.1,24.3
2019-10-30,35.7,29.2
2019-10-31,38.4,23.8
2019-11-01,41.8,29.7
2019-11-02,46.0,32.1
2019-11-03,51.6,30.7
2019-11-04,46.7,36.6
2019-11-05,38.1,25.5
2019-11-06,45.4,27.5
2019-11-07,30.0,16.1
2019-11-08,38.7,18.5
2019-11-09,53.5,30.5
2019-11-10,39.8,27.6
2019-11-11,26.6,8.5
2019-11-12,14.7,-0.8
2019-11-13,30.3,14.3
2019-11-14,29.5,15.1
2019-11-15,39.7,17.3
2019-11-16,47.4,30.7
2019-11-17,45.9,33.4
2019-11-18,48.8,25.2
2019-11-19,51.2,32.7
2019-11-20,56.4,30.7
2019-11-21,57.4,25.3
2019-11-22,34.0,18.9
2019-11-23,45.1,23.4
2019-11-24,51.2,31.4
2019-11-25,48.8,32.0
2019-11-26,39.7,31.5
2019-11-27,37.4,29.5
2019-11-28,32.0,24.6
2019-11-29,37.0,30.7
2019-11-30,42.9,34.8
2019-12-01,37.3,27.9
2019-12-02,32.9,18.1
2019-12-03,46.5,29.5
2019-12-04,47.8,31.3
2019-12-05,51.5,27.9
2019-12-06,33.4,22.9
2019-12-07,46.1,24.4
2019-12-08,46.5,31.7
2019-12-09,39.0,13.5
2019-12-10,20.3,11.2
2019-12-11,22.6,13.9
2019-12-12,43.6,19.9
2019-12-13,32.5,17.2
2019-12-14,27.6,11.7
2019-12-15,21.3,8.8
2019-12-16,29.8,12.6
2019-12-17,37.0,17.6
2019-12-18,29.7,9.8
2019-12-19,45.1,21.3
2019-12-20,45.8,28.0
2019-12-21,47.1,23.4
2019-12-22,51.9,32.4
2019-12-23,47.5,29.8
2019-12-24,49.8,34.3
2019-12-25,57.2,37.2
2019-12-26,38.9,26.9
2019-12-27,40.2,23.0
2019-12-28,45.3,32.1
2019-12-29,48.7,29.7
2019-12-30,30.1,24.4
2019-12-31,35.5,23.0
2020-01-01,44.8,22.6
2020-01-02,45.1,30.6
2020-01-03,37.1,26.8
2020-01-04,35.2,20.8
2020-01-05,44.2,27.9
2020-01-06,40.6,22.9
2020-01-07,39.7,23.2
2020-01-08,28.0,12.2
2020-01-09,54.4,27.6
2020-01-10,31.2,18.4
2020-01-11,19.6,14.5
2020-01-12,26.6,11.1
2020-01-13,32.6,18.3
2020-01-14,34.3,13.6
2020-01-15,30.1,6.3
2020-01-16,14.5,-2.7
2020-01-17,27.9,4.1
2020-01-18,31.0,-3.6
2020-01-19,1.2,-5.1
2020-01-20,5.2,-8.2
2020-01-21,20.1,-5.6
2020-01-22,33.4,21.3
2020-01-23,33.1,31.4
2020-01-24,31.4,28.7
2020-01-25,30.4,25.1
2020-01-26,31.7,23.9
2020-01-27,31.4,18.8
2020-01-28,25.9,19.0
2020-01-29,24.6,18.9
2020-01-30,28.4,19.0
2020-01-31,33.4,27.1
2020-02-01,37.9,29.0
2020-02-02,40.6,26.8
2020-02-03,33.5,22.8
2020-02-04,25.8,17.2
2020-02-05,23.5,7.7
2020-02-06,26.7,-0.2
2020-02-07,28.3,19.1
2020-02-08,21.9,-0.6
2020-02-09,35.9,18.1
2020-02-10,28.2,2.9
2020-02-11,32.4,15.7
2020-02-12,35.7,8.2
2020-02-13,5.5,-10.9
2020-02-14,20.6,-12.4
2020-02-15,39.8,17.2
2020-02-16,45.4,16.8
2020-02-17,38.3,28.3
2020-02-18,31.3,19.1
2020-02-19,17.2,9.1
2020-02-20,24.1,-1.9
2020-02-21,46.6,17.9
2020-02-22,52.6,27.1
2020-02-23,59.3,27.0
2020-02-24,43.3,27.9
2020-02-25,37.6,29.1
2020-02-26,33.6,22.4
2020-02-27,34.9,21.4
2020-02-28,37.3,21.0
2020-02-29,52.1,19.0
2020-03-01,56.6,34.7
2020-03-02,43.3,28.2
2020-03-03,52.0,32.0
2020-03-04,53.0,28.9
2020-03-05,47.2,35.0
2020-03-06,46.3,27.7
2020-03-07,60.9,33.5
2020-03-08,65.3,47.7
2020-03-09,57.9,31.8
2020-03-10,49.0,24.7
2020-03-11,54.6,34.3
2020-03-12,60.9,37.7
2020-03-13,47.2,29.3
2020-03-14,36.5,29.9
2020-03-15,40.4,27.6
2020-03-16,44.4,32.5
2020-03-17,47.1,24.9
2020-03-18,51.4,39.6
2020-03-19,55.2,38.5
2020-03-20,37.8,24.0
2020-03-21,42.1,23.5
2020-03-22,40.0,28.7
2020-03-23,46.9,33.4
2020-03-24,51.4,37.9
2020-03-25,59.4,41.1
2020-03-26,51.8,40.5
2020-03-27,55.4,40.0
2020-03-28,66.8,45.1
2020-03-29,55.6,38.8
2020-03-30,60.5,30.1
2020-03-31,56.5,35.1
2020-04-01,60.9,34.7
2020-04-02,66.0,46.9
2020-04-03,52.3,28.0
2020-04-04,49.7,22.0
2020-04-05,57.7,28.7
2020-04-06,65.0,42.8
2020-04-07,77.8,54.1
2020-04-08,65.3,45.1
2020-04-09,46.7,32.8
2020-04-10,50.5,26.0
2020-04-11,56.0,37.4
2020-04-12,47.3,30.4
2020-04-13,42.2,24.3
2020-04-14,40.5,24.3
2020-04-15,39.8,21.8
2020-04-16,42.4,24.4
2020-04-17,46.9,31.8
2020-04-18,64.5,33.6
2020-04-19,56.2,38.5
2020-04-20,64.9,33.9
2020-04-21,59.3,35.4
2020-04-22,74.2,50.5
2020-04-23,71.2,46.7
2020-04-24,63.0,49.6
2020-04-25,64.0,45.0
2020-04-26,65.8,42.6
2020-04-27,75.4,50.7
2020-04-28,74.3,52.2
2020-04-29,62.6,45.4
2020-04-30,67.7,44.5
2020-05-01,76.4,47.6
2020-05-02,74.4,56.8
2020-05-03,74.2,45.8
2020-05-04,58.5,48.2
2020-05-05,49.3,45.2
2020-05-06,62.2,39.9
2020-05-07,64.0,40.4
2020-05-08,56.8,39.7
2020-05-09,65.0,32.4
2020-05-10,52.6,40.6
2020-05-11,55.0,39.4
2020-05-12,59.1,38.1
2020-05-13,62.3,42.4
2020-05-14,68.4,55.4
2020-05-15,70.9,52.4
2020-05-16,74.8,48.6
2020-05-17,66.1,54.1
2020-05-18,63.4,51.3
2020-05-19,69.7,52.3
2020-05-20,67.6,57.0
2020-05-21,65.5,56.6
2020-05-22,71.3,55.0
2020-05-23,74.1,59.9
2020-05-24,81.0,57.9
2020-05-25,80.2,63.8
2020-05-26,82.0,65.6
2020-05-27,77.9,64.4
2020-05-28,75.3,63.2
2020-05-29,68.9,54.2
2020-05-30,72.1,49.0
2020-05-31,71.3,55.0
2020-06-01,84.2,61.9
2020-06-02,88.6,68.9
2020-06-03,84.9,68.1
2020-06-04,86.5,67.0
2020-06-05,84.6,67.2
2020-06-06,82.4,65.5
2020-06-07,87.9,68.9
2020-06-08,88.1,73.0
2020-06-09,76.0,69.1
2020-06-10,73.8,60.0
2020-06-11,80.1,56.9
2020-06-12,82.8,55.3
2020-06-13,75.1,60.4
2020-06-14,77.3,56.2
2020-06-15,82.4,63.5
2020-06-16,82.6,64.6
2020-06-17,83.2,62.0
2020-06-18,85.9,67.7
2020-06-19,76.6,68.5
2020-06-20,76.8,66.2
2020-06-21,82.3,62.8
2020-06-22,73.0,62.5
2020-06-23,71.7,61.4
2020-06-24,77.1,54.4
2020-06-25,82.3,58.5
2020-06-26,85.0,69.1
2020-06-27,83.1,67.8
2020-06-28,84.6,68.1
2020-06-29,85.6,70.0
2020-06-30,82.9,71.2
2020-07-01,82.0,69.1
2020-07-02,85.6,69.6
2020-07-03,85.9,67.2
2020-07-04,86.6,64.3
2020-07-05,87.2,67.2
2020-07-06,87.4,67.8
2020-07-07,89.0,71.1
2020-07-08,92.5,73.1
2020-07-09,81.1,69.4
2020-07-10,85.8,64.4
2020-07-11,84.3,70.3
2020-07-12,82.0,64.7
2020-07-13,85.6,64.0
2020-07-14,86.9,70.6
2020-07-15,79.2,64.2
2020-07-16,81.1,53.6
2020-07-17,88.0,66.7
2020-07-18,92.5,75.6
2020-07-19,84.3,69.3
2020-07-20,77.5,65.7
2020-07-21,80.2,66.5
2020-07-22,80.3,61.5
2020-07-23,83.8,61.4
2020-07-24,88.9,70.3
2020-07-25,90.7,73.9
2020-07-26,86.1,76.0
2020-07-27,83.4,67.1
2020-07-28,85.9,65.8
2020-07-29,85.9,69.6
2020-07-30,82.9,68.5
2020-07-31,80.1,65.7
2020-08-01,81.5,59.5
2020-08-02,77.5,65.3
2020-08-03,71.3,56.4
2020-08-04,72.4,51.8
2020-08-05,75.7,55.8
2020-08-06,77.5,64.3
2020-08-07,86.1,64.9
2020-08-08,89.4,72.9
2020-08-09,91.6,71.7
2020-08-10,79.9,65.5
2020-08-11,81.9,57.8
2020-08-12,87.8,67.3
2020-08-13,85.2,72.8
2020-08-14,88.3,68.8
2020-08-15,80.1,63.1
2020-08-16,85.0,64.1
2020-08-17,79.6,65.1
2020-08-18,78.6,57.7
2020-08-19,81.2,57.6
2020-08-20,83.6,62.4
2020-08-21,87.5,63.0
2020-08-22,91.0,67.8
2020-08-23,92.3,66.9
2020-08-24,95.3,72.8
2020-08-25,94.3,73.3
2020-08-26,93.3,74.0
2020-08-27,92.3,74.3
2020-08-28,92.0,72.7
2020-08-29,78.4,62.8
2020-08-30,77.5,57.9
2020-08-31,75.6,59.8
2020-09-01,70.3,55.7
2020-09-02,85.0,59.9
2020-09-03,74.9,58.8
2020-09-04,80.8,53.1
2020-09-05,82.6,56.9
2020-09-06,93.5,66.6
2020-09-07,73.9,55.6
2020-09-08,56.6,46.8
2020-09-09,52.1,46.7
2020-09-10,53.2,46.6
2020-09-11,62.2,52.0
2020-09-12,71.0,54.5
2020-09-13,74.8,50.7
2020-09-14,77.7,53.5
2020-09-15,79.8,59.5
2020-09-16,77.1,60.6
2020-09-17,68.0,51.2
2020-09-18,65.1,48.4
2020-09-19,69.0,50.1
2020-09-20,73.0,52.5
2020-09-21,77.8,54.4
2020-09-22,78.6,56.2
2020-09-23,78.3,56.1
2020-09-24,81.8,62.3
2020-09-25,84.0,63.4
2020-09-26,88.0,66.9
2020-09-27,73.4,55.9
2020-09-28,62.4,51.6
2020-09-29,65.2,50.5
2020-09-30,65.8,54.1
2020-10-01,56.7,45.3
2020-10-02,55.5,37.4
2020-10-03,56.9,46.0
2020-10-04,55.8,35.6
2020-10-05,70.4,45.9
2020-10-06,77.5,50.1
2020-10-07,75.6,56.7
2020-10-08,73.1,51.2
2020-10-09,83.8,63.0
2020-10-10,75.0,59.1
2020-10-11,80.6,59.6
2020-10-12,72.6,53.7
2020-10-13,65.2,49.9
2020-10-14,74.7,50.5
2020-10-15,52.1,39.5
2020-10-16,51.9,36.7
2020-10-17,66.2,46.4
2020-10-18,45.5,37.2
2020-10-19,39.4,32.2
2020-10-20,42.4,30.4
2020-10-21,51.9,36.6
2020-10-22,53.2,39.2
2020-10-23,42.4,29.7
2020-10-24,40.1,22.6
2020-10-25,35.9,28.5
2020-10-26,33.7,23.6
2020-10-27,37.5,19.7
2020-10-28,52.7,28.7
2020-10-29,40.6,31.5
2020-10-30,48.0,30.6
2020-10-31,62.7,38.6
2020-11-01,44.3,29.0
2020-11-02,56.6,30.4
2020-11-03,69.1,37.9
2020-11-04,69.3,44.5
2020-11-05,68.6,39.7
2020-11-06,70.3,46.2
2020-11-07,69.3,56.0
2020-11-08,71.2,58.4
2020-11-09,70.3,44.2
2020-11-10,43.3,29.0
2020-11-11,49.6,24.6
2020-11-12,49.9,25.9
2020-11-13,39.5,19.8
2020-11-14,52.8,32.3
2020-11-15,43.2,34.8
2020-11-16,53.1,26.7
2020-11-17,42.6,22.7
2020-11-18,59.2,35.4
2020-11-19,66.3,51.3
2020-11-20,51.1,37.0
2020-11-21,44.1,26.0
2020-11-22,48.6,30.5
2020-11-23,37.6,24.3
2020-11-24,42.8,33.8
2020-11-25,40.6,35.9
2020-11-26,48.0,30.6
2020-11-27,43.3,25.8
2020-11-28,53.2,31.6
2020-11-29,39.8,26.5
2020-11-30,32.8,20.7
2020-12-01,39.7,16.3
2020-12-02,43.1,19.8
2020-12-03,42.3,23.8
2020-12-04,46.1,27.4
2020-12-05,44.8,25.4
2020-12-06,40.6,27.7
2020-12-07,40.1,25.5
2020-12-08,47.4,24.4
2020-12-09,51.5,31.3
2020-12-10,53.9,30.7
2020-12-11,38.1,33.5
2020-12-12,33.2,17.1
2020-12-13,24.3,12.9
2020-12-14,22.0,10.4
2020-12-15,20.3,12.0
2020-12-16,21.7,6.5
2020-12-17,24.7,4.6
2020-12-18,37.5,15.3
2020-12-19,30.3,17.6
2020-12-20,41.1,14.8
2020-12-21,45.4,31.8
2020-12-22,50.0,23.0
2020-12-23,53.2,14.5
2020-12-24,15.0,4.5
2020-12-25,27.2,3.8
2020-12-26,35.7,17.4
2020-12-27,33.8,26.3
2020-12-28,30.2,17.2
2020-12-29,27.6,17.4
2020-12-30,29.3,14.3
2020-12-31,13.5,4.9
2021-01-01,22.7,7.8
2021-01-02,17.2,10.5
2021-01-03,24.3,13.0
2021-01-04,35.0,19.9
2021-01-05,27.7,12.2
2021-01-06,32.5,26.9
2021-01-07,31.9,24.4
2021-01-08,28.5,23.7
2021-01-09,23.1,14.5
2021-01-10,29.3,13.4
2021-01-11,35.6,23.6
2021-01-12,37.9,17.8
2021-01-13,42.4,25.9
2021-01-14,38.1,31.2
2021-01-15,34.2,30.2
2021-01-16,33.0,23.5
2021-01-17,30.0,18.5
2021-01-18,28.3,7.5
2021-01-19,33.4,9.0
2021-01-20,37.1,-0.3
2021-01-21,37.2,24.6
2021-01-22,21.8,8.1
2021-01-23,24.4,4.8
2021-01-24,29.9,20.3
2021-01-25,23.4,19.7
2021-01-26,19.3,11.0
2021-01-27,14.8,0.7
2021-01-28,18.1,-4.9
2021-01-29,28.3,14.4
2021-01-30,33.1,27.0
2021-01-31,30.6,24.9
2021-02-01,26.1,22.2
2021-02-02,22.6,18.9
2021-02-03,35.7,17.1
2021-02-04,35.7,10.9
2021-02-05,13.6,5.8
2021-02-06,6.1,-7.8
2021-02-07,-3.1,-17.9
2021-02-08,1.6,-10.0
2021-02-09,3.3,-17.3
2021-02-10,9.0,-3.8
2021-02-11,1.8,-5.9
2021-02-12,-5.4,-11.3
2021-02-13,-0.4,-10.0
2021-02-14,-9.6,-12.4
2021-02-15,-5.6,-17.8
2021-02-16,-3.2,-22.2
2021-02-17,8.8,-14.9
2021-02-18,16.5,-1.7
2021-02-19,17.0,-1.8
2021-02-20,24.3,-0.7
2021-02-21,30.1,18.8
2021-02-22,40.2,18.2
2021-02-23,39.2,27.9
2021-02-24,38.7,21.1
2021-02-25,33.4,12.7
2021-02-26,37.8,19.0
2021-02-27,37.6,18.9
2021-02-28,38.2,16.6
2021-03-01,28.1,9.2
2021-03-02,52.0,13.9
2021-03-03,56.9,24.8
2021-03-04,51.1,28.9
2021-03-05,50.0,25.3
2021-03-06,54.7,32.5
2021-03-07,64.0,38.5
2021-03-08,63.1,39.5
2021-03-09,67.7,47.5
2021-03-10,72.4,40.6
2021-03-11,53.5,34.4
2021-03-12,51.8,28.7
2021-03-13,57.2,31.2
2021-03-14,46.8,39.3
2021-03-15,37.0,30.8
2021-03-16,43.5,31.5
2021-03-17,44.5,34.2
2021-03-18,51.7,33.2
2021-03-19,50.8,27.4
2021-03-20,57.7,30.5
2021-03-21,62.4,44.1
2021-03-22,56.8,45.1
2021-03-23,57.7,48.0
2021-03-24,48.9,41.3
2021-03-25,47.5,37.3
2021-03-26,51.4,38.2
2021-03-27,55.6,41.5
2021-03-28,49.3,33.7
2021-03-29,68.5,39.4
2021-03-30,60.6,38.0
2021-03-31,39.2,27.1
2021-04-01,42.9,20.5
2021-04-02,59.1,31.1
2021-04-03,70.4,47.1
2021-04-04,75.7,40.2
2021-04-05,76.4,57.8
2021-04-06,73.1,61.7
2021-04-07,74.5,58.6
2021-04-08,58.7,49.1
2021-04-09,58.4,47.0
2021-04-10,56.8,44.8
2021-04-11,61.7,42.6
2021-04-12,56.4,41.1
2021-04-13,49.6,35.2
2021-04-14,48.8,31.5
2021-04-15,48.7,32.8
2021-04-16,54.4,37.9
2021-04-17,61.2,42.3
2021-04-18,60.6,41.2
2021-04-19,48.8,33.9
2021-04-20,44.7,32.8
2021-04-21,45.3,26.2
2021-04-22,57.4,31.8
2021-04-23,55.2,44.7
2021-04-24,57.9,40.7
2021-04-25,56.5,36.1
2021-04-26,82.5,48.6
2021-04-27,81.4,58.7
2021-04-28,69.2,49.7
2021-04-29,70.3,48.2
2021-04-30,69.5,49.4
2021-05-01,85.0,58.6
2021-05-02,81.7,61.6
2021-05-03,71.0,56.5
2021-05-04,61.0,45.1
2021-05-05,65.7,39.4
2021-05-06,61.6,43.9
2021-05-07,62.6,45.7
2021-05-08,56.2,42.7
2021-05-09,60.3,40.1
2021-05-10,60.5,44.1
2021-05-11,59.4,39.2
2021-05-12,62.6,40.3
2021-05-13,65.7,39.7
2021-05-14,65.1,47.6
2021-05-15,72.5,51.3
2021-05-16,68.5,51.4
2021-05-17,70.0,56.0
2021-05-18,67.6,60.0
2021-05-19,73.2,63.0
2021-05-20,75.7,64.3
2021-05-21,78.9,66.1
2021-05-22,78.4,64.0
2021-05-23,80.2,65.2
2021-05-24,80.2,67.3
2021-05-25,79.9,65.5
2021-05-26,75.0,55.8
2021-05-27,66.0,47.0
2021-05-28,51.9,43.3
2021-05-29,62.8,36.0
2021-05-30,63.1,44.4
2021-05-31,70.7,50.3
2021-06-01,74.8,52.5
2021-06-02,75.8,52.8
2021-06-03,83.1,57.5
2021-06-04,87.2,64.6
2021-06-05,91.0,66.9
2021-06-06,85.8,68.1
2021-06-07,88.3,67.8
2021-06-08,89.0,66.9
2021-06-09,90.1,68.4
2021-06-10,92.4,70.9
2021-06-11,93.4,72.7
2021-06-12,88.3,70.2
2021-06-13,91.1,60.5
2021-06-14,87.1,70.4
2021-06-15,87.6,60.9
2021-06-16,88.3,65.8
2021-06-17,102.4,70.0
2021-06-18,92.9,71.3
2021-06-19,87.9,69.3
2021-06-20,85.2,63.6
2021-06-21,70.7,57.9
2021-06-22,79.3,52.4
2021-06-23,87.3,62.9
2021-06-24,88.4,73.7
2021-06-25,83.1,70.5
2021-06-26,79.6,68.3
2021-06-27,79.4,63.3
2021-06-28,82.4,65.9
2021-06-29,79.9,68.0
2021-06-30,84.1,64.9
2021-07-01,84.6,65.9
2021-07-02,84.8,63.7
2021-07-03,86.6,63.8
2021-07-04,91.6,69.7
2021-07-05,93.5,71.9
2021-07-06,91.2,73.1
2021-07-07,79.3,67.4
2021-07-08,74.8,59.5
2021-07-09,80.6,65.6
2021-07-10,73.2,65.8
2021-07-11,77.6,60.7
2021-07-12,77.6,57.7
2021-07-13,83.7,60.2
2021-07-14,86.8,68.0
2021-07-15,78.9,64.1
2021-07-16,80.9,61.1
2021-07-17,80.6,61.1
2021-07-18,80.9,63.2
2021-07-19,83.7,61.4
2021-07-20,85.7,63.0
2021-07-21,86.6,65.8
2021-07-22,85.9,68.9
2021-07-23,91.6,70.5
2021-07-24,91.3,74.3
2021-07-25,89.2,67.3
2021-07-26,90.6,65.0
2021-07-27,94.2,68.8
2021-07-28,96.2,72.8
2021-07-29,91.0,76.6
2021-07-30,84.7,68.2
2021-07-31,80.4,63.7
2021-08-01,79.2,63.2
2021-08-02,76.1,56.5
2021-08-03,78.9,58.6
2021-08-04,80.3,61.9
2021-08-05,80.9,65.9
2021-08-06,87.2,66.4
2021-08-07,87.9,73.4
2021-08-08,84.3,72.0
2021-08-09,86.8,71.6
2021-08-10,88.2,74.4
2021-08-11,89.3,73.3
2021-08-12,87.4,66.7
2021-08-13,81.6,63.0
2021-08-14,79.3,56.4
2021-08-15,79.1,56.2
2021-08-16,81.4,60.9
2021-08-17,85.4,63.9
2021-08-18,86.6,67.5
2021-08-19,87.7,69.2
2021-08-20,89.9,69.9
2021-08-21,77.3,65.1
2021-08-22,81.4,57.7
2021-08-23,93.9,70.2
2021-08-24,93.6,75.4
2021-08-25,91.0,71.9
2021-08-26,90.1,71.4
2021-08-27,91.9,72.7
2021-08-28,90.6,74.5
2021-08-29,81.6,66.3
2021-08-30,82.6,61.2
2021-08-31,74.6,64.5
2021-09-01,79.1,60.9
2021-09-02,75.4,62.0
2021-09-03,79.0,63.4
2021-09-04,75.6,62.6
2021-09-05,81.7,58.3
2021-09-06,85.0,59.9
2021-09-07,82.1,66.0
2021-09-08,77.3,58.6
2021-09-09,76.7,53.4
2021-09-10,84.3,59.4
2021-09-11,93.7,62.6
2021-09-12,78.7,68.6
2021-09-13,86.0,66.7
2021-09-14,78.2,61.1
2021-09-15,78.7,58.0
2021-09-16,86.2,62.2
2021-09-17,74.8,62.4
2021-09-18,82.3,57.4
2021-09-19,88.8,67.8
2021-09-20,82.2,62.7
2021-09-21,70.3,53.9
2021-09-22,68.2,48.3
2021-09-23,72.1,47.2
2021-09-24,72.6,55.3
2021-09-25,73.9,45.3
2021-09-26,84.0,60.5
2021-09-27,87.4,61.5
2021-09-28,86.6,61.4
2021-09-29,86.9,62.7
2021-09-30,83.7,66.8
2021-10-01,79.3,64.9
2021-10-02,75.4,63.2
2021-10-03,75.6,59.4
2021-10-04,74.7,50.5
2021-10-05,74.4,60.7
2021-10-06,76.6,62.1
2021-10-07,75.7,64.1
2021-10-08,80.2,61.2
2021-10-09,80.8,64.0
2021-10-10,75.4,61.3
2021-10-11,65.4,54.7
2021-10-12,69.7,48.3
2021-10-13,73.0,56.8
2021-10-14,61.8,46.0
2021-10-15,58.3,46.9
2021-10-16,61.5,40.3
2021-10-17,67.6,39.7
2021-10-18,72.3,45.8
2021-10-19,71.0,54.1
2021-10-20,71.0,47.8
2021-10-21,52.8,38.5
2021-10-22,49.0,32.9
2021-10-23,54.1,33.4
2021-10-24,47.1,43.5
2021-10-25,53.4,38.4
2021-10-26,56.6,38.4
2021-10-27,53.3,49.0
2021-10-28,49.6,45.0
2021-10-29,55.5,44.5
2021-10-30,58.6,36.1
2021-10-31,49.9,35.8
2021-11-01,47.3,31.6
2021-11-02,46.1,25.2
2021-11-03,48.7,26.2
2021-11-04,52.6,34.2
2021-11-05,55.6,38.0
2021-11-06,62.6,41.8
2021-11-07,63.2,47.7
2021-11-08,63.1,42.6
2021-11-09,56.8,45.1
2021-11-10,55.5,45.2
2021-11-11,52.7,39.5
2021-11-12,38.3,32.8
2021-11-13,38.0,32.0
2021-11-14,45.6,26.4
2021-11-15,46.0,29.8
2021-11-16,58.4,32.5
2021-11-17,50.2,35.9
2021-11-18,35.7,23.6
2021-11-19,45.1,22.9
2021-11-20,52.8,34.7
2021-11-21,46.9,25.9
2021-11-22,36.2,21.4
2021-11-23,52.2,28.0
2021-11-24,56.8,34.6
2021-11-25,32.7,16.1
2021-11-26,41.1,19.8
2021-11-27,53.6,30.5
2021-11-28,41.7,26.8
2021-11-29,56.7,32.6
2021-11-30,51.3,35.6
2021-12-01,57.2,38.6
2021-12-02,57.7,41.9
2021-12-03,53.0,37.3
2021-12-04,42.2,28.3
2021-12-05,52.3,32.1
2021-12-06,30.6,14.6
2021-12-07,35.4,14.9
2021-12-08,31.8,15.0
2021-12-09,48.3,30.9
2021-12-10,37.5,31.1
2021-12-11,37.8,28.1
2021-12-12,47.0,30.9
2021-12-13,48.2,28.7
2021-12-14,55.2,34.8
2021-12-15,70.5,54.2
2021-12-16,39.1,24.3
2021-12-17,36.7,23.1
2021-12-18,31.7,20.1
2021-12-19,34.0,16.8
2021-12-20,35.6,18.4
2021-12-21,40.2,16.4
2021-12-22,39.2,15.7
2021-12-23,47.8,30.3
2021-12-24,54.6,36.3
2021-12-25,43.3,27.3
2021-12-26,44.0,22.9
2021-12-27,38.2,23.3
2021-12-28,37.0,19.1
2021-12-29,22.3,8.8
2021-12-30,32.5,17.2
2021-12-31,32.9,18.6
2022-01-01,15.9,1.9
2022-01-02,8.9,-9.0
2022-01-03,27.4,-1.0
2022-01-04,34.0,22.5
2022-01-05,18.9,4.4
2022-01-06,5.7,-2.8
2022-01-07,11.4,-2.7
2022-01-08,34.9,12.3
2022-01-09,23.3,7.1
2022-01-10,20.8,8.4
2022-01-11,48.3,11.8
2022-01-12,48.8,28.2
2022-01-13,47.0,26.0
2022-01-14,33.4,20.7
2022-01-15,19.5,-8.0
2022-01-16,33.7,-8.8
2022-01-17,30.9,18.7
2022-01-18,36.9,20.4
2022-01-19,21.7,-1.5
2022-01-20,-2.6,-13.6
2022-01-21,18.1,-22.3
2022-01-22,36.4,20.0
2022-01-23,37.1,3.9
2022-01-24,31.0,-0.4
2022-01-25,1.4,-12.5
2022-01-26,23.9,-20.2
2022-01-27,33.1,12.8
2022-01-28,9.8,-7.1
2022-01-29,29.6,6.4
2022-01-30,25.6,12.6
2022-01-31,36.8,12.9
2022-02-01,38.1,13.1
2022-02-02,11.6,1.6
2022-02-03,5.7,-6.3
2022-02-04,19.4,-10.5
2022-02-05,36.3,-8.6
2022-02-06,34.5,12.2
2022-02-07,27.7,3.1
2022-02-08,43.3,22.0
2022-02-09,40.6,26.9
2022-02-10,40.5,17.8
2022-02-11,40.9,9.0
2022-02-12,20.3,0.9
2022-02-13,16.8,6.6
2022-02-14,29.7,13.0
2022-02-15,50.8,19.7
2022-02-16,48.7,22.0
2022-02-17,20.3,11.1
2022-02-18,51.1,10.9
2022-02-19,29.8,8.7
2022-02-20,59.1,26.8
2022-02-21,57.1,31.4
2022-02-22,32.4,6.7
2022-02-23,19.7,1.3
2022-02-24,23.0,7.0
2022-02-25,17.6,2.3
2022-02-26,35.1,-0.0
2022-02-27,44.8,19.6
2022-02-28,59.9,26.8
2022-03-01,58.2,31.6
2022-03-02,63.9,31.8
2022-03-03,36.4,26.7
2022-03-04,51.0,24.5
2022-03-05,61.9,37.0
2022-03-06,42.4,24.6
2022-03-07,31.5,12.4
2022-03-08,35.3,8.7
2022-03-09,30.4,20.6
2022-03-10,26.0,17.3
2022-03-11,25.2,11.8
2022-03-12,32.8,7.4
2022-03-13,57.3,25.8
2022-03-14,59.5,35.3
2022-03-15,56.5,28.4
2022-03-16,67.1,36.2
2022-03-17,47.8,43.0
2022-03-18,41.5,34.9
2022-03-19,56.2,27.7
2022-03-20,66.3,30.0
2022-03-21,69.9,51.9
2022-03-22,52.0,41.9
2022-03-23,40.9,34.3
2022-03-24,41.5,33.9
2022-03-25,48.8,33.3
2022-03-26,38.7,23.7
2022-03-27,37.7,20.2
2022-03-28,42.5,22.8
2022-03-29,49.2,33.2
2022-03-30,53.2,33.9
2022-03-31,40.7,26.3
2022-04-01,47.2,21.2
2022-04-02,55.9,34.3
2022-04-03,48.7,28.8
2022-04-04,53.2,33.5
2022-04-05,59.2,36.2
2022-04-06,46.8,40.5
2022-04-07,41.6,32.9
2022-04-08,48.8,31.9
2022-04-09,54.2,26.1
2022-04-10,68.9,39.9
2022-04-11,61.3,37.5
2022-04-12,70.5,45.5
2022-04-13,62.3,32.8
2022-04-14,47.1,29.2
2022-04-15,47.2,28.9
2022-04-16,45.5,26.2
2022-04-17,40.2,30.1
2022-04-18,46.4,26.5
2022-04-19,44.3,22.4
2022-04-20,51.8,44.6
2022-04-21,66.7,35.8
2022-04-22,76.3,51.4
2022-04-23,76.9,61.2
2022-04-24,60.0,45.7
2022-04-25,44.6,34.9
2022-04-26,55.1,26.9
2022-04-27,60.4,36.8
2022-04-28,65.0,40.5
2022-04-29,63.7,52.5
2022-04-30,63.6,46.9
2022-05-01,55.5,43.9
2022-05-02,52.2,37.9
2022-05-03,54.5,42.9
2022-05-04,60.2,37.8
2022-05-05,62.5,48.7
2022-05-06,67.6,49.8
2022-05-07,69.0,43.6
2022-05-08,63.4,55.9
2022-05-09,89.3,62.2
2022-05-10,85.9,62.2
2022-05-11,88.4,66.5
2022-05-12,88.3,69.5
2022-05-13,77.4,62.0
2022-05-14,82.9,53.7
2022-05-15,71.4,57.4
2022-05-16,77.8,51.6
2022-05-17,76.3,52.6
2022-05-18,79.0,59.3
2022-05-19,85.2,58.6
2022-05-20,74.2,55.8
2022-05-21,59.7,45.6
2022-05-22,62.1,42.1
2022-05-23,62.3,43.9
2022-05-24,61.4,48.0
2022-05-25,60.6,50.0
2022-05-26,63.6,53.3
2022-05-27,73.5,46.7
2022-05-28,81.2,56.8
2022-05-29,82.6,66.5
2022-05-30,84.5,71.2
2022-05-31,78.6,63.2
2022-06-01,71.4,52.9
2022-06-02,74.0,48.5
2022-06-03,75.2,50.4
2022-06-04,76.0,55.9
2022-06-05,79.1,54.8
2022-06-06,75.8,62.2
2022-06-07,76.6,54.3
2022-06-08,73.9,60.0
2022-06-09,77.0,53.4
2022-06-10,72.9,61.3
2022-06-11,81.3,60.2
2022-06-12,85.6,64.1
2022-06-13,92.9,69.9
2022-06-14,92.5,73.4
2022-06-15,85.5,66.5
2022-06-16,84.4,64.9
2022-06-17,82.7,60.9
2022-06-18,81.7,63.5
2022-06-19,90.0,65.8
2022-06-20,92.0,71.5
2022-06-21,91.3,73.9
2022-06-22,84.2,65.8
2022-06-23,88.0,65.9
2022-06-24,84.7,68.9
2022-06-25,83.9,68.9
2022-06-26,74.8,59.4
2022-06-27,79.3,53.1
2022-06-28,82.9,60.5
2022-06-29,89.8,62.2
2022-06-30,88.9,72.8
2022-07-01,81.2,68.0
2022-07-02,83.6,62.6
2022-07-03,85.6,61.3
2022-07-04,93.3,70.7
2022-07-05,92.1,73.5
2022-07-06,78.2,69.6
2022-07-07,82.0,68.9
2022-07-08,80.6,70.1
2022-07-09,80.6,65.1
2022-07-10,85.1,66.8
2022-07-11,82.8,71.6
2022-07-12,81.7,63.8
2022-07-13,83.9,65.2
2022-07-14,90.0,67.4
2022-07-15,91.8,72.2
2022-07-16,80.9,68.7
2022-07-17,83.4,67.6
2022-07-18,86.9,64.5
2022-07-19,91.2,69.6
2022-07-20,87.4,71.5
2022-07-21,87.7,67.9
2022-07-22,93.4,67.3
2022-07-23,94.4,70.6
2022-07-24,85.9,68.4
2022-07-25,76.5,61.2
2022-07-26,82.0,59.9
2022-07-27,83.7,67.8
2022-07-28,77.3,62.8
2022-07-29,78.7,58.1
2022-07-30,81.5,57.5
2022-07-31,87.2,64.1
2022-08-01,86.5,67.0
2022-08-02,95.9,71.5
2022-08-03,90.1,74.2
2022-08-04,83.5,63.4
2022-08-05,88.9,64.2
2022-08-06,96.1,71.8
2022-08-07,87.9,74.1
2022-08-08,76.4,63.0
2022-08-09,78.1,56.5
2022-08-10,83.8,59.7
2022-08-11,83.1,65.9
2022-08-12,82.5,65.9
2022-08-13,86.6,71.5
2022-08-14,76.5,62.8
2022-08-15,70.2,62.5
2022-08-16,78.0,64.0
2022-08-17,80.2,58.4
2022-08-18,82.3,60.1
2022-08-19,77.5,64.8
2022-08-20,74.9,63.7
2022-08-21,78.9,62.2
2022-08-22,78.0,57.9
2022-08-23,81.2,62.3
2022-08-24,86.3,65.8
2022-08-25,80.2,66.3
2022-08-26,79.9,60.8
2022-08-27,85.6,68.6
2022-08-28,85.0,68.8
2022-08-29,80.4,68.5
2022-08-30,77.0,59.4
2022-08-31,83.8,58.9
2022-09-01,87.1,66.2
2022-09-02,87.4,66.9
2022-09-03,78.2,63.9
2022-09-04,75.2,63.1
2022-09-05,74.7,59.2
2022-09-06,79.6,62.3
2022-09-07,81.4,62.5
2022-09-08,84.7,62.4
2022-09-09,85.5,64.0
2022-09-10,62.5,57.3
2022-09-11,71.7,51.7
2022-09-12,72.5,51.3
2022-09-13,77.0,49.4
2022-09-14,84.1,58.5
2022-09-15,84.4,65.7
2022-09-16,82.8,65.3
2022-09-17,77.8,66.1
2022-09-18,80.4,63.5
2022-09-19,81.2,60.3
2022-09-20,91.0,72.9
2022-09-21,76.8,58.4
2022-09-22,63.7,51.7
2022-09-23,59.8,53.3
2022-09-24,77.6,51.1
2022-09-25,72.1,57.2
2022-09-26,67.0,49.1
2022-09-27,66.1,46.0
2022-09-28,60.6,39.3
2022-09-29,66.5,44.5
2022-09-30,70.0,48.7
2022-10-01,72.5,49.4
2022-10-02,73.7,51.4
2022-10-03,74.5,53.2
2022-10-04,77.1,53.7
2022-10-05,68.6,56.3
2022-10-06,67.4,47.3
2022-10-07,53.2,40.1
2022-10-08,60.2,35.2
2022-10-09,71.9,40.6
2022-10-10,74.9,44.4
2022-10-11,76.3,58.4
2022-10-12,67.8,46.5
2022-10-13,51.4,36.7
2022-10-14,56.7,35.0
2022-10-15,64.0,32.5
2022-10-16,53.6,39.0
2022-10-17,40.5,29.2
2022-10-18,41.0,24.2
2022-10-19,45.5,23.5
2022-10-20,63.7,36.5
2022-10-21,75.4,48.8
2022-10-22,80.0,55.6
2022-10-23,81.1,61.9
2022-10-24,74.8,46.4
2022-10-25,53.4,36.5
2022-10-26,55.8,36.2
2022-10-27,57.1,44.0
2022-10-28,60.4,36.9
2022-10-29,63.4,38.5
2022-10-30,64.5,42.8
2022-10-31,65.3,39.7
2022-11-01,72.2,44.7
2022-11-02,73.2,52.7
2022-11-03,71.4,58.4
2022-11-04,68.0,40.6
2022-11-05,52.3,40.3
2022-11-06,57.4,42.4
2022-11-07,47.5,30.2
2022-11-08,55.6,38.8
2022-11-09,72.3,55.7
2022-11-10,68.2,31.7
2022-11-11,36.1,19.9
2022-11-12,30.8,23.5
2022-11-13,32.7,19.9
2022-11-14,37.4,26.2
2022-11-15,33.7,26.5
2022-11-16,28.3,17.9
2022-11-17,30.9,16.6
2022-11-18,21.2,12.6
2022-11-19,25.6,17.4
2022-11-20,40.8,17.2
2022-11-21,42.3,25.9
2022-11-22,50.8,21.7
2022-11-23,50.4,26.6
2022-11-24,48.3,34.3
2022-11-25,49.2,27.0
2022-11-26,52.7,34.6
2022-11-27,44.9,26.1
2022-11-28,48.8,23.9
2022-11-29,40.4,23.3
2022-11-30,26.5,17.1
2022-12-01,42.1,15.5
2022-12-02,54.6,25.0
2022-12-03,26.3,10.4
2022-12-04,41.2,21.5
2022-12-05,42.4,29.1
2022-12-06,38.5,26.4
2022-12-07,41.6,23.8
2022-12-08,41.0,22.6
2022-12-09,36.1,32.4
2022-12-10,40.1,26.5
2022-12-11,39.0,22.3
2022-12-12,36.9,26.4
2022-12-13,39.8,31.7
2022-12-14,41.6,31.4
2022-12-15,33.1,23.5
2022-12-16,24.5,20.1
2022-12-17,20.0,11.1
2022-12-18,17.6,4.8
2022-12-19,30.9,11.1
2022-12-20,23.9,3.8
2022-12-21,20.4,1.9
2022-12-22,13.0,-14.9
2022-12-23,-2.1,-13.1
2022-12-24,2.7,-3.2
2022-12-25,14.8,-3.8
2022-12-26,16.4,-8.3
2022-12-27,28.0,-6.7
2022-12-28,39.5,29.1
2022-12-29,48.6,29.6
2022-12-30,34.5,16.1
2022-12-31,38.9,27.5
2023-01-01,42.8,26.3
2023-01-02,40.7,28.7
2023-01-03,41.4,33.0
2023-01-04,33.1,28.1
2023-01-05,30.9,23.8
2023-01-06,30.6,19.4
2023-01-07,30.7,11.5
2023-01-08,37.4,12.7
2023-01-09,47.5,24.4
2023-01-10,38.4,25.8
2023-01-11,45.6,23.6
2023-01-12,29.7,18.2
2023-01-13,29.6,16.3
2023-01-14,40.8,19.5
2023-01-15,46.6,32.6
2023-01-16,54.8,35.8
2023-01-17,37.9,29.4
2023-01-18,38.2,28.5
2023-01-19,32.5,27.0
2023-01-20,27.0,20.5
2023-01-21,27.6,22.2
2023-01-22,24.7,20.8
2023-01-23,29.3,17.3
2023-01-24,25.8,9.7
2023-01-25,27.0,13.2
2023-01-26,13.1,7.3
2023-01-27,34.7,10.9
2023-01-28,14.5,7.8
2023-01-29,7.5,-2.2
2023-01-30,4.5,-10.2
2023-01-31,14.1,-15.3
2023-02-01,24.4,4.5
2023-02-02,19.8,-5.6
2023-02-03,9.2,-14.2
2023-02-04,37.9,10.2
2023-02-05,32.5,15.0
2023-02-06,46.4,16.9
2023-02-07,39.5,26.6
2023-02-08,47.9,25.0
2023-02-09,36.1,24.4
2023-02-10,35.9,13.9
2023-02-11,48.2,25.3
2023-02-12,49.2,28.4
2023-02-13,51.9,27.1
2023-02-14,47.6,37.0
2023-02-15,43.2,19.5
2023-02-16,27.6,13.5
2023-02-17,27.9,0.8
2023-02-18,37.9,16.1
2023-02-19,46.6,29.9
2023-02-20,51.8,24.2
2023-02-21,33.3,13.9
2023-02-22,30.0,25.0
2023-02-23,29.1,10.9
2023-02-24,24.2,3.9
2023-02-25,44.6,12.1
2023-02-26,54.0,23.6
2023-02-27,50.8,33.8
2023-02-28,44.9,25.4
2023-03-01,50.6,27.4
2023-03-02,42.0,22.7
2023-03-03,50.5,27.6
2023-03-04,47.7,27.0
2023-03-05,47.1,25.3
2023-03-06,44.8,33.2
2023-03-07,45.4,27.1
2023-03-08,38.2,34.9
2023-03-09,37.0,31.5
2023-03-10,35.5,25.6
2023-03-11,35.2,26.4
2023-03-12,32.4,21.9
2023-03-13,24.4,21.5
2023-03-14,30.3,9.6
2023-03-15,52.1,28.1
2023-03-16,46.9,23.9
2023-03-17,32.1,11.5
2023-03-18,27.7,8.6
2023-03-19,44.3,12.4
2023-03-20,55.1,30.8
2023-03-21,53.5,32.8
2023-03-22,52.4,34.2
2023-03-23,44.0,28.8
2023-03-24,50.4,26.0
2023-03-25,51.8,31.3
2023-03-26,45.8,30.5
2023-03-27,46.6,22.3
2023-03-28,45.5,23.3
2023-03-29,38.6,22.6
2023-03-30,64.0,28.9
2023-03-31,73.8,37.0
2023-04-01,48.4,32.8
2023-04-02,68.4,35.0
2023-04-03,54.3,36.4
2023-04-04,73.0,43.2
2023-04-05,53.2,32.4
2023-04-06,51.1,23.7
2023-04-07,62.7,33.3
2023-04-08,64.9,41.7
2023-04-09,67.4,45.1
2023-04-10,71.3,45.3
2023-04-11,77.1,47.8
2023-04-12,81.0,59.8
2023-04-13,79.7,56.7
2023-04-14,79.3,56.2
2023-04-15,64.1,39.2
2023-04-16,40.6,34.7
2023-04-17,57.3,35.1
2023-04-18,61.0,31.5
2023-04-19,75.2,47.5
2023-04-20,62.0,41.3
2023-04-21,47.5,35.8
2023-04-22,42.2,32.0
2023-04-23,48.7,29.7
2023-04-24,57.3,31.2
2023-04-25,56.4,36.2
2023-04-26,59.5,36.2
2023-04-27,69.3,42.5
2023-04-28,69.8,45.1
2023-04-29,54.8,40.1
2023-04-30,54.4,39.7
2023-05-01,59.1,41.5
2023-05-02,60.4,40.5
2023-05-03,66.7,34.4
2023-05-04,78.4,43.2
2023-05-05,71.4,50.2
2023-05-06,76.2,56.8
2023-05-07,83.1,51.4
2023-05-08,77.1,57.7
2023-05-09,76.0,53.2
2023-05-10,79.8,55.7
2023-05-11,79.6,61.4
2023-05-12,78.6,63.0
2023-05-13,77.5,63.1
2023-05-14,65.8,55.0
2023-05-15,65.1,53.3
2023-05-16,77.9,48.4
2023-05-17,75.8,52.1
2023-05-18,80.8,56.1
2023-05-19,63.6,50.6
2023-05-20,69.8,43.9
2023-05-21,74.6,47.0
2023-05-22,77.8,53.8
2023-05-23,81.2,51.4
2023-05-24,84.0,54.6
2023-05-25,78.1,57.4
2023-05-26,75.7,50.5
2023-05-27,78.4,51.7
2023-05-28,81.5,54.4
2023-05-29,85.4,57.2
2023-05-30,88.3,64.1
2023-05-31,87.5,62.7
2023-06-01,82.3,66.5
2023-06-02,88.0,67.1
2023-06-03,88.9,67.2
2023-06-04,87.0,66.7
2023-06-05,86.0,63.3
2023-06-06,89.4,63.8
2023-06-07,81.2,64.9
2023-06-08,78.6,63.5
2023-06-09,80.2,55.2
2023-06-10,82.0,59.5
2023-06-11,71.2,58.6
2023-06-12,73.6,47.2
2023-06-13,82.5,58.3
2023-06-14,84.4,58.7
2023-06-15,87.8,57.7
2023-06-16,78.5,57.8
2023-06-17,83.9,60.0
2023-06-18,82.0,62.6
2023-06-19,85.5,63.3
2023-06-20,85.3,65.9
2023-06-21,85.7,66.5
2023-06-22,86.6,65.5
2023-06-23,87.5,64.1
2023-06-24,87.1,69.4
2023-06-25,77.2,65.5
2023-06-26,78.5,63.7
2023-06-27,83.5,56.1
2023-06-28,89.1,68.4
2023-06-29,87.9,70.5
2023-06-30,84.8,69.2
2023-07-01,74.8,69.1
2023-07-02,83.7,65.1
2023-07-03,87.3,64.2
2023-07-04,89.0,68.6
2023-07-05,78.4,65.0
2023-07-06,72.5,57.4
2023-07-07,68.7,54.1
2023-07-08,75.4,53.3
2023-07-09,78.8,53.7
2023-07-10,85.6,61.8
2023-07-11,83.9,65.7
2023-07-12,82.1,63.9
2023-07-13,83.0,62.2
2023-07-14,83.7,69.3
2023-07-15,83.0,64.0
2023-07-16,81.3,60.5
2023-07-17,75.0,59.6
2023-07-18,76.6,58.6
2023-07-19,84.3,61.7
2023-07-20,79.2,67.2
2023-07-21,78.5,59.5
2023-07-22,83.2,62.0
2023-07-23,85.3,61.8
2023-07-24,87.2,64.2
2023-07-25,89.1,70.0
2023-07-26,92.7,73.0
2023-07-27,92.7,71.8
2023-07-28,92.7,74.3
2023-07-29,83.4,70.2
2023-07-30,82.2,63.6
2023-07-31,83.6,66.2
2023-08-01,85.5,67.3
2023-08-02,82.2,70.3
2023-08-03,84.0,65.9
2023-08-04,85.4,67.8
2023-08-05,83.9,70.1
2023-08-06,72.9,67.3
2023-08-07,77.6,64.5
2023-08-08,79.0,60.0
2023-08-09,78.1,62.5
2023-08-10,83.1,61.0
2023-08-11,86.7,68.4
2023-08-12,84.0,63.9
2023-08-13,78.6,65.0
2023-08-14,72.8,59.6
2023-08-15,76.4,55.9
2023-08-16,82.6,59.3
2023-08-17,75.1,60.5
2023-08-18,78.7,54.2
2023-08-19,91.7,66.3
2023-08-20,93.0,76.1
2023-08-21,92.4,75.7
2023-08-22,95.9,75.1
2023-08-23,100.0,78.2
2023-08-24,96.2,80.8
2023-08-25,90.9,74.8
2023-08-26,82.1,70.1
2023-08-27,76.8,60.4
2023-08-28,82.9,58.8
2023-08-29,83.2,65.8
2023-08-30,81.3,60.1
2023-08-31,78.4,58.7
2023-09-01,85.5,61.3
2023-09-02,93.9,65.9
2023-09-03,95.4,69.6
2023-09-04,95.4,72.1
2023-09-05,92.9,73.7
2023-09-06,76.1,62.0
2023-09-07,75.2,53.2
2023-09-08,78.1,54.7
2023-09-09,81.7,56.8
2023-09-10,75.7,62.0
2023-09-11,71.5,59.8
2023-09-12,73.3,49.6
2023-09-13,72.1,53.2
2023-09-14,78.4,55.1
2023-09-15,75.0,56.8
2023-09-16,74.8,56.4
2023-09-17,72.5,52.7
2023-09-18,76.6,52.0
2023-09-19,83.8,62.2
2023-09-20,78.9,59.7
2023-09-21,80.3,57.0
2023-09-22,72.1,59.4
2023-09-23,81.6,64.0
2023-09-24,75.6,61.8
2023-09-25,75.6,58.9
2023-09-26,72.2,56.7
2023-09-27,72.2,56.9
2023-09-28,75.9,56.4
2023-09-29,85.4,62.2
2023-09-30,89.1,70.7
2023-10-01,89.2,68.8
2023-10-02,86.7,66.5
2023-10-03,85.8,69.3
2023-10-04,74.1,59.5
2023-10-05,70.3,52.0
2023-10-06,54.3,45.8
2023-10-07,57.3,41.2
2023-10-08,66.4,41.9
2023-10-09,59.5,41.2
2023-10-10,61.3,36.9
2023-10-11,58.4,46.0
2023-10-12,61.5,50.7
2023-10-13,63.1,52.2
2023-10-14,56.2,49.6
2023-10-15,54.2,45.8
2023-10-16,59.6,41.6
2023-10-17,65.0,38.2
2023-10-18,67.2,52.8
2023-10-19,63.1,48.9
2023-10-20,68.5,44.0
2023-10-21,64.1,48.7
2023-10-22,59.8,38.6
2023-10-23,77.6,49.5
2023-10-24,74.7,62.6
2023-10-25,68.7,56.8
2023-10-26,71.9,62.2
2023-10-27,59.5,33.3
2023-10-28,37.2,28.4
2023-10-29,36.3,29.1
2023-10-30,37.8,24.1
2023-10-31,36.1,23.5
2023-11-01,43.9,22.6
2023-11-02,51.7,28.8
2023-11-03,56.3,43.3
2023-11-04,55.9,32.5
2023-11-05,62.2,38.7
2023-11-06,64.7,48.4
2023-11-07,58.6,38.5
2023-11-08,60.6,44.1
2023-11-09,56.3,34.8
2023-11-10,45.4,30.7
2023-11-11,49.5,35.3
2023-11-12,61.0,42.4
2023-11-13,59.3,36.6
2023-11-14,62.9,42.4
2023-11-15,61.9,40.7
2023-11-16,64.7,47.0
2023-11-17,46.3,30.9
2023-11-18,58.2,31.1
2023-11-19,59.0,34.9
2023-11-20,48.2,42.9
2023-11-21,44.2,32.7
2023-11-22,45.8,24.8
2023-11-23,40.6,27.6
2023-11-24,29.3,21.1
2023-11-25,33.0,26.2
2023-11-26,36.7,21.9
2023-11-27,27.8,16.1
2023-11-28,33.5,10.0
2023-11-29,47.2,26.2
2023-11-30,45.1,30.1
2023-12-01,38.8,29.4
2023-12-02,37.0,27.1
2023-12-03,41.5,25.7
2023-12-04,39.3,23.4
2023-12-05,37.1,23.2
2023-12-06,46.9,22.7
2023-12-07,54.9,35.0
2023-12-08,54.0,42.1
2023-12-09,43.2,31.2
2023-12-10,36.6,22.5
2023-12-11,39.2,21.8
2023-12-12,34.7,22.1
2023-12-13,43.6,24.1
2023-12-14,48.5,25.7
2023-12-15,48.7,34.3
2023-12-16,42.5,38.3
2023-12-17,44.2,30.4
2023-12-18,34.2,21.1
2023-12-19,40.9,20.1
2023-12-20,44.7,26.6
2023-12-21,48.8,34.8
2023-12-22,51.1,43.1
2023-12-23,50.7,41.2
2023-12-24,55.2,47.6
2023-12-25,53.6,34.0
2023-12-26,34.6,26.7
2023-12-27,36.5,26.6
2023-12-28,37.0,26.5
2023-12-29,41.9,27.6
2023-12-30,42.3,27.1
2023-12-31,33.4,22.1
2024-01-01,34.3,17.7
2024-01-02,40.8,25.0
2024-01-03,38.8,23.3
2024-01-04,34.6,24.8
2024-01-05,37.8,26.2
2024-01-06,35.1,24.6
2024-01-07,31.6,21.8
2024-01-08,35.8,25.2
2024-01-09,30.8,22.5
2024-01-10,22.6,15.8
2024-01-11,20.0,6.4
2024-01-12,19.2,8.9
2024-01-13,8.5,-17.2
2024-01-14,-12.5,-22.6
2024-01-15,-6.7,-19.4
2024-01-16,0.4,-9.8
2024-01-17,16.7,-5.7
2024-01-18,15.7,2.5
2024-01-19,3.2,-8.5
2024-01-20,-4.0,-18.0
2024-01-21,23.0,-13.4
2024-01-22,33.7,24.0
2024-01-23,33.1,31.0
2024-01-24,33.2,30.7
2024-01-25,33.3,32.5
2024-01-26,34.3,32.9
2024-01-27,34.2,21.6
2024-01-28,34.4,21.2
2024-01-29,46.0,21.8
2024-01-30,43.0,26.2
2024-01-31,54.0,25.2
2024-02-01,54.8,32.3
2024-02-02,45.3,30.9
2024-02-03,46.7,29.9
2024-02-04,47.8,27.2
2024-02-05,51.6,25.5
2024-02-06,53.1,27.3
2024-02-07,55.2,38.2
2024-02-08,59.8,40.9
2024-02-09,45.5,31.4
2024-02-10,41.0,26.1
2024-02-11,43.1,24.8
2024-02-12,47.1,24.0
2024-02-13,45.1,27.4
2024-02-14,50.6,28.1
2024-02-15,39.2,24.9
2024-02-16,28.9,11.8
2024-02-17,28.0,8.9
2024-02-18,42.4,24.0
2024-02-19,49.7,21.9
2024-02-20,54.9,26.4
2024-02-21,56.5,33.8
2024-02-22,60.8,33.8
2024-02-23,51.3,31.9
2024-02-24,44.8,20.9
2024-02-25,58.6,32.4
2024-02-26,69.3,35.9
2024-02-27,57.7,18.3
2024-02-28,28.9,7.8
2024-02-29,53.3,21.7
2024-03-01,52.0,31.6
2024-03-02,62.3,35.2
2024-03-03,74.3,46.5
2024-03-04,44.8,40.8
2024-03-05,53.9,29.7
2024-03-06,55.0,30.7
2024-03-07,56.0,36.3
2024-03-08,45.0,32.5
2024-03-09,43.3,25.2
2024-03-10,51.4,22.1
2024-03-11,69.8,41.9
2024-03-12,66.1,48.3
2024-03-13,68.6,40.9
2024-03-14,56.8,47.0
2024-03-15,56.2,35.9
2024-03-16,51.4,38.1
2024-03-17,37.0,25.1
2024-03-18,35.4,19.4
2024-03-19,58.6,29.3
2024-03-20,41.1,26.2
2024-03-21,44.3,26.0
2024-03-22,39.1,24.9
2024-03-23,36.7,20.7
2024-03-24,44.3,29.8
2024-03-25,63.9,43.5
2024-03-26,48.9,26.4
2024-03-27,42.1,22.0
2024-03-28,51.6,25.5
2024-03-29,63.8,37.2
2024-03-30,56.3,36.7
2024-03-31,62.3,39.8
2024-04-01,48.2,41.0
2024-04-02,47.9,35.1
2024-04-03,52.7,34.3
2024-04-04,51.0,31.6
2024-04-05,54.2,28.4
2024-04-06,56.5,35.0
2024-04-07,64.3,42.6
2024-04-08,63.7,42.9
2024-04-09,63.6,38.3
2024-04-10,67.8,39.6
2024-04-11,58.3,44.2
2024-04-12,61.8,42.4
2024-04-13,77.6,39.4
2024-04-14,80.1,55.7
2024-04-15,74.5,48.6
2024-04-16,71.2,58.6
2024-04-17,65.9,49.0
2024-04-18,56.6,43.1
2024-04-19,55.0,34.2
2024-04-20,47.4,32.7
2024-04-21,58.3,31.6
2024-04-22,66.1,40.1
2024-04-23,65.4,47.7
2024-04-24,61.4,39.4
2024-04-25,64.3,45.2
2024-04-26,63.6,47.8
2024-04-27,75.9,56.5
2024-04-28,70.5,59.1
2024-04-29,64.0,47.2
2024-04-30,77.7,43.1
2024-05-01,65.2,45.1
2024-05-02,66.3,50.7
2024-05-03,70.2,43.6
2024-05-04,63.8,47.8
2024-05-05,65.4,41.8
2024-05-06,72.5,52.0
2024-05-07,73.3,56.0
2024-05-08,77.4,54.7
2024-05-09,66.3,51.7
2024-05-10,74.3,45.6
2024-05-11,75.7,46.9
2024-05-12,79.9,53.8
2024-05-13,67.8,56.7
2024-05-14,73.2,54.4
2024-05-15,72.1,52.0
2024-05-16,74.5,56.9
2024-05-17,78.9,52.7
2024-05-18,83.2,62.0
2024-05-19,75.8,54.7
2024-05-20,81.5,63.8
2024-05-21,78.9,57.8
2024-05-22,71.5,52.7
2024-05-23,75.6,54.2
2024-05-24,73.2,55.5
2024-05-25,75.4,47.7
2024-05-26,73.4,57.4
2024-05-27,73.1,51.5
2024-05-28,70.2,53.2
2024-05-29,71.4,46.8
2024-05-30,74.6,53.4
2024-05-31,77.3,61.3
2024-06-01,75.9,60.9
2024-06-02,78.7,59.1
2024-06-03,83.9,65.9
2024-06-04,79.4,65.7
2024-06-05,81.5,54.9
2024-06-06,74.6,60.8
2024-06-07,78.6,55.9
2024-06-08,75.8,60.4
2024-06-09,78.0,53.4
2024-06-10,72.1,54.4
2024-06-11,84.0,56.5
2024-06-12,88.7,59.0
2024-06-13,86.7,69.5
2024-06-14,82.6,64.1
2024-06-15,84.1,67.2
2024-06-16,91.9,72.1
2024-06-17,89.1,70.5
2024-06-18,84.9,73.0
2024-06-19,75.6,65.7
2024-06-20,82.8,63.7
2024-06-21,86.7,68.5
2024-06-22,85.3,73.0
2024-06-23,84.0,64.0
2024-06-24,92.4,69.7
2024-06-25,89.5,76.4
2024-06-26,83.9,65.0
2024-06-27,79.4,61.3
2024-06-28,79.7,67.2
2024-06-29,77.1,62.2
2024-06-30,72.7,55.4
2024-07-01,68.6,58.2
2024-07-02,80.4,64.0
2024-07-03,83.4,62.2
2024-07-04,80.4,65.7
2024-07-05,74.9,61.6
2024-07-06,79.0,59.2
2024-07-07,79.9,65.4
2024-07-08,79.3,63.7
2024-07-09,79.7,61.1
2024-07-10,79.2,62.2
2024-07-11,80.9,61.0
2024-07-12,83.6,62.7
2024-07-13,89.2,69.8
2024-07-14,90.5,71.6
2024-07-15,87.6,70.9
2024-07-16,79.4,65.1
2024-07-17,74.6,62.4
2024-07-18,74.2,55.9
2024-07-19,78.0,57.2
2024-07-20,73.0,63.7
2024-07-21,78.5,61.4
2024-07-22,79.6,60.5
2024-07-23,81.4,63.6
2024-07-24,80.2,65.2
2024-07-25,80.9,65.7
2024-07-26,84.7,67.3
2024-07-27,85.6,70.1
2024-07-28,85.8,67.4
2024-07-29,87.2,66.9
2024-07-30,87.6,72.2
2024-07-31,89.3,67.6
2024-08-01,82.2,70.8
2024-08-02,85.6,67.7
2024-08-03,86.8,67.7
2024-08-04,91.0,70.3
2024-08-05,90.9,72.5
2024-08-06,77.4,61.6
2024-08-07,77.3,56.1
2024-08-08,75.2,62.1
2024-08-09,70.5,55.1
2024-08-10,73.6,53.0
2024-08-11,76.7,56.7
2024-08-12,74.6,61.8
2024-08-13,76.6,63.4
2024-08-14,75.0,63.6
2024-08-15,84.1,69.5
2024-08-16,82.9,66.7
2024-08-17,78.7,64.4
2024-08-18,81.3,63.1
2024-08-19,76.6,61.3
2024-08-20,75.4,60.2
2024-08-21,74.7,61.2
2024-08-22,75.3,56.0
2024-08-23,79.4,58.6
2024-08-24,85.6,65.1
2024-08-25,91.5,71.7
2024-08-26,94.2,74.8
2024-08-27,88.3,75.4
2024-08-28,86.0,70.3
2024-08-29,88.2,72.4
2024-08-30,78.4,62.5
2024-08-31,80.3,56.3
2024-09-01,73.6,60.0
2024-09-02,72.6,52.8
2024-09-03,74.9,54.9
2024-09-04,78.4,54.8
2024-09-05,80.3,65.3
2024-09-06,70.9,55.3
2024-09-07,69.2,49.5
2024-09-08,74.3,50.6
2024-09-09,79.5,53.2
2024-09-10,81.0,61.4
2024-09-11,83.2,59.3
2024-09-12,83.3,61.8
2024-09-13,79.2,64.0
2024-09-14,79.3,66.2
2024-09-15,84.7,63.8
2024-09-16,82.1,65.4
2024-09-17,84.0,66.0
2024-09-18,84.1,67.2
2024-09-19,81.4,68.5
2024-09-20,85.2,58.7
2024-09-21,86.6,66.5
2024-09-22,68.6,58.6
2024-09-23,68.1,50.1
2024-09-24,68.1,51.4
2024-09-25,75.8,51.7
2024-09-26,76.6,53.6
2024-09-27,77.5,55.6
2024-09-28,82.0,59.7
2024-09-29,80.8,57.7
2024-09-30,81.4,59.1
2024-10-01,66.2,51.0
2024-10-02,73.5,49.1
2024-10-03,78.1,51.4
2024-10-04,72.4,54.3
2024-10-05,88.9,57.8
2024-10-06,66.8,52.4
2024-10-07,65.4,41.2
2024-10-08,73.1,44.5
2024-10-09,77.5,51.4
2024-10-10,78.2,50.0
2024-10-11,80.2,57.9
2024-10-12,75.0,56.8
2024-10-13,60.0,49.2
2024-10-14,54.1,38.6
2024-10-15,53.9,35.9
2024-10-16,58.1,29.8
2024-10-17,65.1,42.6
2024-10-18,68.2,49.2
2024-10-19,73.1,49.3
2024-10-20,79.0,58.0
2024-10-21,77.5,57.3
2024-10-22,73.0,58.6
2024-10-23,61.1,45.0
2024-10-24,64.7,41.8
2024-10-25,60.4,43.7
2024-10-26,59.3,36.2
2024-10-27,62.3,40.7
2024-10-28,73.5,54.5
2024-10-29,81.6,67.2
2024-10-30,75.3,59.7
2024-10-31,61.5,37.1
2024-11-01,55.7,32.1
2024-11-02,57.3,40.6
2024-11-03,58.8,48.9
2024-11-04,67.1,53.2
2024-11-05,54.1,44.3
2024-11-06,54.5,36.0
2024-11-07,56.1,38.3
2024-11-08,58.5,36.5
2024-11-09,51.2,46.9
2024-11-10,58.3,45.9
2024-11-11,47.8,36.5
2024-11-12,49.5,32.3
2024-11-13,46.6,39.4
2024-11-14,52.9,36.5
2024-11-15,55.9,32.5
2024-11-16,56.1,42.4
2024-11-17,52.1,38.2
2024-11-18,60.7,37.0
2024-11-19,58.4,43.9
2024-11-20,42.7,33.4
2024-11-21,39.7,30.7
2024-11-22,38.5,30.1
2024-11-23,47.0,26.5
2024-11-24,55.0,36.3
2024-11-25,45.8,25.3
2024-11-26,41.1,18.9
2024-11-27,39.8,26.3
2024-11-28,30.6,21.0
2024-11-29,24.6,10.7
2024-11-30,26.9,10.0
2024-12-01,27.0,15.6
2024-12-02,23.1,17.1
2024-12-03,27.4,14.3
2024-12-04,41.2,12.9
2024-12-05,20.2,7.3
2024-12-06,37.7,19.8
2024-12-07,52.2,28.4
2024-12-08,52.4,30.8
2024-12-09,47.6,29.6
2024-12-10,31.5,21.9
2024-12-11,29.3,8.0
2024-12-12,11.6,3.9
2024-12-13,23.8,7.9
2024-12-14,34.6,24.2
2024-12-15,36.3,31.9
2024-12-16,41.3,27.2
2024-12-17,35.0,26.1
2024-12-18,30.7,22.1
2024-12-19,45.9,22.9
2024-12-20,26.8,17.9
2024-12-21,26.7,16.1
2024-12-22,42.0,23.3
2024-12-23,41.4,29.8
2024-12-24,36.1,30.8
2024-12-25,37.0,31.5
2024-12-26,42.4,33.2
2024-12-27,45.0,40.4
2024-12-28,46.1,34.1
2024-12-29,41.4,36.7
2024-12-30,37.0,32.9
2024-12-31,33.4,28.9
2025-01-01,29.7,23.7
2025-01-02,26.8,18.9
2025-01-03,21.8,11.3
2025-01-04,17.8,5.1
2025-01-05,17.0,11.8
2025-01-06,20.3,7.3
2025-01-07,23.5,8.0
2025-01-08,19.9,4.6
2025-01-09,31.4,11.3
2025-01-10,32.0,26.7
2025-01-11,34.1,19.0
2025-01-12,34.3,11.9
2025-01-13,19.9,6.0
2025-01-14,20.0,-4.0
2025-01-15,27.7,-1.1
2025-01-16,36.2,27.0
2025-01-17,44.7,26.1
2025-01-18,23.0,9.2
2025-01-19,8.3,-5.5
2025-01-20,6.7,-7.2
2025-01-21,9.6,-11.5
2025-01-22,35.2,11.8
2025-01-23,25.3,3.9
2025-01-24,31.0,4.8
2025-01-25,36.1,22.1
2025-01-26,29.1,10.2
2025-01-27,42.0,18.4
2025-01-28,49.0,20.8
2025-01-29,47.8,27.1
2025-01-30,52.3,25.8
2025-01-31,49.1,29.8
2025-02-01,40.2,28.6
2025-02-02,50.9,29.4
2025-02-03,41.1,26.2
2025-02-04,25.3,10.7
2025-02-05,28.7,19.1
2025-02-06,38.0,25.8
2025-02-07,36.6,20.3
2025-02-08,34.3,19.8
2025-02-09,28.0,7.6
2025-02-10,33.0,10.5
2025-02-11,19.4,6.4
2025-02-12,10.9,6.9
2025-02-13,5.5,-8.2
2025-02-14,26.1,4.7
2025-02-15,24.6,18.2
2025-02-16,17.8,1.4
2025-02-17,0.7,-7.8
2025-02-18,1.0,-13.8
2025-02-19,1.7,-4.7
2025-02-20,7.1,-8.0
2025-02-21,14.8,-7.0
2025-02-22,28.9,10.4
2025-02-23,42.9,19.7
2025-02-24,55.8,36.4
2025-02-25,55.6,31.3
2025-02-26,55.0,35.1
2025-02-27,53.2,35.8
2025-02-28,57.0,31.0
2025-03-01,32.7,21.4
2025-03-02,44.8,17.0
2025-03-03,60.4,32.0
2025-03-04,57.6,40.6
2025-03-05,36.1,23.7
2025-03-06,37.5,19.7
2025-03-07,35.4,28.3
2025-03-08,42.4,22.8
2025-03-09,58.5,28.0
2025-03-10,69.7,32.4
2025-03-11,55.4,34.8
2025-03-12,63.8,29.7
2025-03-13,69.9,37.1
2025-03-14,76.5,53.2
2025-03-15,51.3,31.3
2025-03-16,45.5,23.1
2025-03-17,68.9,33.8
2025-03-18,70.5,41.0
2025-03-19,48.7,32.6
2025-03-20,43.2,25.3
2025-03-21,55.6,36.2
2025-03-22,52.4,23.9
2025-03-23,53.5,37.7
2025-03-24,54.2,30.0
2025-03-25,56.4,36.1
2025-03-26,59.9,32.0
2025-03-27,68.6,39.8
2025-03-28,77.9,51.5
2025-03-29,62.7,50.8
2025-03-30,56.8,33.7
2025-03-31,50.7,29.9
2025-04-01,45.0,32.2
2025-04-02,67.4,43.7
2025-04-03,52.9,33.9
2025-04-04,49.6,34.4
2025-04-05,47.4,34.3
2025-04-06,53.3,26.2
2025-04-07,43.3,30.6
2025-04-08,48.7,23.6
2025-04-09,63.9,36.9
2025-04-10,60.4,37.9
2025-04-11,54.1,37.3
2025-04-12,65.8,38.1
2025-04-13,73.6,52.1
2025-04-14,58.9,44.6
2025-04-15,57.6,38.7
2025-04-16,68.5,37.3
2025-04-17,77.9,52.9
2025-04-18,60.2,49.4
2025-04-19,55.9,39.6
2025-04-20,48.6,40.3
2025-04-21,65.3,42.4
2025-04-22,73.6,50.5
2025-04-23,75.2,52.7
2025-04-24,68.8,52.0
2025-04-25,60.3,52.2
2025-04-26,62.3,41.4
2025-04-27,65.0,46.8
2025-04-28,77.3,57.8
2025-04-29,64.1,45.4
2025-04-30,65.6,43.2
2025-05-01,68.6,51.5
2025-05-02,60.7,45.9
2025-05-03,62.4,42.7
2025-05-04,71.5,41.4
2025-05-05,71.7,45.7
2025-05-06,73.5,46.5
2025-05-07,79.0,51.0
2025-05-08,70.3,51.0
2025-05-09,72.9,44.2
2025-05-10,81.5,51.4
2025-05-11,79.1,54.1
2025-05-12,81.0,50.2
2025-05-13,81.8,59.5
2025-05-14,84.9,60.9
2025-05-15,81.5,64.7
2025-05-16,73.9,52.3
2025-05-17,63.9,48.5
2025-05-18,69.4,41.3
2025-05-19,66.2,51.4
2025-05-20,68.5,52.2
2025-05-21,58.5,49.7
2025-05-22,61.4,43.5
2025-05-23,68.6,43.0
2025-05-24,68.0,51.6
2025-05-25,69.2,53.5
2025-05-26,68.6,47.8
2025-05-27,62.7,53.6
2025-05-28,66.0,53.4
2025-05-29,67.6,48.8
2025-05-30,77.1,51.8
2025-05-31,79.9,52.2
2025-06-01,80.0,55.3
2025-06-02,86.3,59.5
2025-06-03,76.6,57.7
2025-06-04,74.6,50.9
2025-06-05,75.8,53.0
2025-06-06,75.7,59.7
2025-06-07,72.7,61.6
2025-06-08,72.1,59.8
2025-06-09,66.2,56.3
2025-06-10,79.4,49.8
2025-06-11,90.0,61.2
2025-06-12,84.5,63.9
2025-06-13,82.5,63.7
2025-06-14,84.7,66.7
2025-06-15,79.6,66.7
2025-06-16,84.2,66.0
2025-06-17,80.1,65.9
2025-06-18,75.8,63.1
2025-06-19,82.2,58.7
2025-06-20,88.1,66.0
2025-06-21,91.9,78.1
2025-06-22,90.6,77.0
2025-06-23,86.5,73.1
2025-06-24,79.4,71.7
2025-06-25,85.7,70.0
2025-06-26,82.9,71.7
2025-06-27,80.5,63.8
2025-06-28,86.6,68.0
2025-06-29,84.5,71.0
2025-06-30,81.6,67.5
2025-07-01,82.4,63.6
2025-07-02,83.4,63.3
2025-07-03,87.2,67.5
2025-07-04,87.2,71.9
2025-07-05,81.6,71.2
2025-07-06,82.2,69.8
2025-07-07,83.6,64.2
2025-07-08,82.8,67.1
2025-07-09,84.0,65.6
2025-07-10,87.1,68.7
2025-07-11,75.4,66.4
2025-07-12,77.2,66.3
2025-07-13,80.2,60.1
2025-07-14,85.7,63.5
2025-07-15,86.4,68.1
2025-07-16,81.1,68.5
2025-07-17,74.8,60.5
2025-07-18,78.0,58.8
2025-07-19,85.4,68.3
2025-07-20,83.5,70.3
2025-07-21,84.8,71.6
2025-07-22,85.2,72.6
2025-07-23,89.2,73.9
2025-07-24,82.3,71.0
2025-07-25,83.8,69.4
2025-07-26,84.1,71.9
2025-07-27,89.9,69.0
2025-07-28,88.0,71.1
2025-07-29,87.4,69.0
2025-07-30,76.8,67.9
2025-07-31,74.7,62.8
2025-08-01,73.0,56.4
2025-08-02,73.9,58.2
2025-08-03,74.9,57.3
2025-08-04,76.4,58.0
2025-08-05,80.4,60.4
2025-08-06,78.0,65.8
2025-08-07,82.6,69.4
2025-08-08,88.3,73.3
2025-08-09,82.0,72.0
2025-08-10,80.5,70.7
2025-08-11,79.3,65.8
2025-08-12,81.1,68.5
2025-08-13,79.4,60.6
2025-08-14,81.6,63.7
2025-08-15,86.3,67.9
2025-08-16,90.9,74.7
2025-08-17,87.4,70.0
2025-08-18,85.7,73.4
2025-08-19,85.2,68.1
2025-08-20,83.7,66.9
2025-08-21,79.5,65.2
2025-08-22,81.5,62.6
2025-08-23,72.3,62.2
2025-08-24,70.3,55.8
2025-08-25,69.1,50.6
2025-08-26,73.5,49.5
2025-08-27,77.0,57.2
2025-08-28,79.1,58.6
2025-08-29,79.8,59.4
2025-08-30,79.1,62.6
2025-08-31,73.8,62.9
2025-09-01,74.8,59.6
2025-09-02,75.9,55.0
2025-09-03,67.3,55.2
2025-09-04,69.3,46.5
2025-09-05,61.3,51.4
2025-09-06,63.3,45.5
2025-09-07,67.3,42.6
2025-09-08,77.0,53.6
2025-09-09,76.9,59.0
2025-09-10,79.7,60.4
2025-09-11,82.7,59.7
2025-09-12,86.2,66.0
2025-09-13,90.4,68.7
2025-09-14,88.7,69.0
2025-09-15,85.7,70.6
2025-09-16,86.1,67.1
2025-09-17,85.0,64.4
2025-09-18,77.5,63.1
2025-09-19,74.9,63.2
2025-09-20,74.7,57.7
2025-09-21,77.5,58.9
2025-09-22,81.7,62.4
2025-09-23,75.1,59.5
2025-09-24,73.7,58.6
2025-09-25,76.4,53.9
2025-09-26,83.6,56.7
2025-09-27,78.6,60.0
2025-09-28,80.5,52.6
2025-09-29,86.2,61.5
2025-09-30,84.5,59.8
2025-10-01,81.2,62.3
2025-10-02,84.7,58.6
2025-10-03,86.3,62.2
2025-10-04,84.7,66.8
2025-10-05,82.8,63.3
2025-10-06,65.7,53.1
2025-10-07,67.6,46.8
2025-10-08,68.3,42.9
2025-10-09,71.3,45.9
2025-10-10,74.5,55.2
2025-10-11,69.4,45.1
2025-10-12,75.4,55.3
2025-10-13,68.8,53.3
2025-10-14,56.1,50.8
2025-10-15,72.1,54.3
2025-10-16,78.4,58.7
2025-10-17,75.8,62.1
2025-10-18,70.7,49.6
2025-10-19,61.3,42.3
2025-10-20,64.9,44.4
2025-10-21,52.4,44.3
2025-10-22,57.3,35.3
2025-10-23,58.0,31.3
2025-10-24,59.2,32.6
2025-10-25,57.5,47.2
2025-10-26,63.1,49.6
2025-10-27,61.0,45.7
2025-10-28,53.0,46.0
2025-10-29,55.8,39.0
2025-10-30,48.6,35.2
2025-10-31,48.8,34.0
2025-11-01,48.6,37.2
2025-11-02,52.3,31.3
2025-11-03,61.8,37.7
2025-11-04,63.8,40.6
2025-11-05,57.2,39.7
2025-11-06,58.0,33.8
2025-11-07,62.1,40.5
2025-11-08,41.6,33.7
2025-11-09,32.3,24.1
2025-11-10,32.5,20.4
2025-11-11,53.9,28.9
2025-11-12,59.5,34.2
2025-11-13,63.5,31.6
2025-11-14,70.8,38.7
2025-11-15,64.1,44.2
2025-11-16,49.5,31.4
2025-11-17,52.4,35.2
2025-11-18,46.3,39.7
2025-11-19,45.1,40.8
2025-11-20,47.3,36.5
2025-11-21,42.3,32.4
2025-11-22,56.9,28.0
2025-11-23,56.3,29.4
2025-11-24,50.2,42.2
2025-11-25,52.4,35.4
2025-11-26,37.2,28.9
2025-11-27,31.5,20.1
2025-11-28,30.3,16.3
2025-11-29,28.7,21.8
2025-11-30,21.1,15.7
2025-12-01,20.4,14.2
2025-12-02,29.8,12.6
2025-12-03,32.9,4.5
2025-12-04,12.7,-9.9
2025-12-05,34.4,13.3
2025-12-06,31.4,21.1
2025-12-07,24.4,-3.8
2025-12-08,23.8,2.6
2025-12-09,41.5,19.9
2025-12-10,39.4,20.1
2025-12-11,21.4,13.1
2025-12-12,26.1,11.4
2025-12-13,10.0,0.0
2025-12-14,9.0,-7.2
2025-12-15,29.6,11.2
2025-12-16,37.3,15.4
2025-12-17,38.7,27.4
2025-12-18,42.7,15.7
2025-12-19,31.6,8.2
2025-12-20,40.4,26.4
2025-12-21,40.6,15.1
2025-12-22,49.6,34.3
2025-12-23,42.8,29.8
2025-12-24,40.5,30.6
2025-12-25,41.0,35.2
2025-12-26,40.6,36.0
2025-12-27,45.5,36.5
2025-12-28,44.2,10.7
2025-12-29,16.3,9.7
2025-12-30,34.2,11.6
2025-12-31,45.0,23.5
